credit_score,age,balance,estimated_salary,country,gender,tenure
619.0,42,93101.008,11348.88,3,1,2
68.0,41,8387.86,112542.57999999999,2,1,1
52.0,42,15966.8,113931.56999999999,3,1,8
699.0,39,38038.28200000001,93826.63,3,1,1
85.0,42,12551.82,7984.100000000001,2,1,2
645.0,44,113755.77999999998,149756.71,2,2,8
822.0,5,98532.99600000001,162.8,3,2,7
376.0,29,11546.74,119346.88,1,1,4
51.0,44,14251.700000000003,7494.499999999999,3,2,4
684.0,27,13463.88,71725.73,3,2,2
528.0,31,1216.72,8181.12,3,2,6
496.99999999999994,24,110880.01800000003,7639.1,2,2,3
476.0,34,89296.67199999999,2626.98,3,1,1
549.0,25,57708.236,19857.79,3,1,5
635.0,35,85306.44600000001,65951.65,2,1,7
616.0,45,143129.41,64327.26000000001,1,2,3
653.0,58,13262.88,597.67,1,2,1
549.0,24,123316.81399999998,1446.41,2,1,9
587.0,45,86500.534,158684.81,2,2,6
726.0,24,35671.01,54724.3,3,1,6
732.0,41,409161.89999999997,17886.17,3,2,8
636.0,32,56011.796,138555.46,2,1,8
51.0,38,343198.956,118913.53000000001,2,1,4
669.0,46,13777.088000000002,8487.75,3,2,3
846.0,38,90308.13399999999,187616.16,3,1,5
577.0,25,36854.844,12458.29,3,2,3
756.0,36,136815.64,1741.95,1,2,2
571.0,44,83848.10999999997,38433.35,3,2,9
574.0,42,141349.43,1187.43,1,1,3
411.0,29,59697.16999999999,53483.21,3,2,4
591.0,39,94538.30199999998,14469.379999999997,2,1,3
533.0,36,85311.7,156731.91,3,2,7
553.0,41,11112.54,81898.81,1,2,9
52.0,42,62454.14599999999,3441.55,2,1,6
722.0,29,143684.84,14233.699999999999,2,1,9
475.0,45,134264.4,27822.99,3,1,5
49.0,31,14526.23,11466.77,2,2,3
84.0,33,76548.6,98453.45,2,2,7
85.0,36,115253.872,4812.9,3,2,7
582.0,41,7349.48,17874.4,1,2,6
471.99999999999994,4,62135.37399999999,7154.220000000001,2,2,4
465.0,51,122522.32,181297.65,3,1,8
556.0,61,117419.35,94153.83,3,1,2
834.0,49,131394.56,194365.76,3,1,2
66.0,61,155931.11,158338.39,2,1,5
776.0,32,19421.13,126517.46,1,1,4
829.0,27,11245.67,11978.21,1,1,9
637.0,39,137843.8,117622.79999999999,1,1,9
55.0,38,13391.38,9878.13,1,2,2
776.0,37,13769.22,19499.12,1,1,2
698.0,44,116363.36999999998,19859.16,1,2,1
585.0,36,1465.97,86424.57,1,2,5
604.4000000000001,33,51048.316000000006,116978.18999999999,3,1,5
655.0,41,125561.96999999999,1644.94,1,2,8
61.00000000000001,42,98495.72,414.76,1,2,1
619.0,42,125211.92,11341.49,3,2,1
656.0,45,127864.4,8717.57,3,2,5
725.0,19,75888.2,45613.75,1,2,4
510.99999999999994,66,47533.67600000001,1643.11,2,1,4
614.0,51,4685.92,46775.28,3,2,4
742.0,35,136857.0,8459.57,1,2,5
687.0,27,152328.88,126494.82000000002,1,1,9
500.79999999999995,33,5684.69,178798.13,2,2,1
684.0,56,7877.16,99398.36,2,2,8
63.0,26,19166.37,9284.67,1,2,4
751.0,36,169831.46,27758.36,1,1,6
581.0,34,11633.4,11431.51,1,1,1
735.0,42,12318.1,196673.28,1,2,1
661.0,35,15725.53,113656.85000000002,1,1,5
675.0,21,98373.26,1823.0,3,1,8
738.0,58,133745.44,28373.86,1,2,2
813.0,29,116564.20999999999,33953.87,3,2,6
657.0,37,16367.179999999998,4423.55,2,1,4
64.0,25,15778.839999999998,58426.81,1,1,5
519.0,36,87786.73,145562.4,3,2,9
735.0,21,178718.19,22388.0,3,1,1
664.0,55,64425.29599999999,139161.64,3,2,8
678.0,32,45788.88600000001,14821.64,3,1,9
757.0,33,77253.22,194239.63,2,2,5
416.0,41,122189.66,9831.61,1,1,1
665.0,34,96645.54,171413.66,3,1,1
777.0,32,69771.87799999998,136458.19,3,1,2
543.0,36,67193.836,2619.59,3,1,3
56.0,34,937.62,159235.29,3,1,4
493.0,46,68058.05799999999,197.66,3,1,4
652.0,75,59035.859999999986,114675.75,2,1,1
75.0,22,121681.82,128643.34999999999,2,2,3
729.0,3,60896.322,151869.35,3,2,9
646.0,46,68259.16399999999,93251.42,3,1,4
635.0,28,81623.67,156791.36,1,1,3
647.0,44,98298.24599999998,17425.22,2,1,5
88.0,45,118626.55000000002,147132.46,3,2,7
524.0,36,83990.97799999999,19614.57,3,1,1
769.0,29,434992.23799999995,17229.61,3,2,8
73.0,42,55055.962000000014,85982.47,2,2,4
515.0,35,176273.95,121277.77999999998,2,2,1
773.0,41,12827.44,64595.25,2,2,9
814.0,29,9786.4,197276.13,1,2,8
71.0,22,129669.346,99645.4,2,2,8
413.0,34,34253.62,6534.18,3,2,9
665.0,4,29385.244000000006,161848.3,3,1,6
623.0,44,51443.522,167162.43,3,1,6
738.0,31,82674.15,4197.72,3,2,9
528.0,36,60781.181999999986,6536.56,2,2,7
67.0,65,45732.596,177655.68,2,1,1
622.0,46,1773.2700000000004,3984.5900000000006,2,1,4
582.0,32,88938.62,154.53,1,2,1
785.0,36,9986.85,36976.52,1,1,2
65.0,33,1592.8,71862.79,2,2,5
479.0,35,92833.89,99449.86,1,2,9
685.0,26,9536.81,6382.88,1,2,3
538.0,39,1855.1,27231.26,1,2,7
562.0,42,1238.35,86797.41,3,2,2
675.0,36,1619.55,22994.32,2,2,9
721.0,28,154475.54,113.94000000000001,1,2,9
628.0,3,132351.29,74169.13,1,1,9
668.0,37,167864.4,115638.29,1,1,6
56.0,41,55802.95,31766.3,3,1,1
524.0,31,17818.63,199725.39,1,1,8
699.0,34,185173.81,12834.48,1,2,4
828.0,34,129433.34,38131.77,3,2,8
674.0,39,12193.42,113.95,2,2,6
656.0,39,84981.814,14169.879999999997,3,1,6
684.0,48,126384.42,198129.36,1,1,1
625.0,28,108884.23199999999,183646.41,3,1,3
432.0,42,15263.45,11265.24,3,2,9
549.0,52,68347.934,8636.5,3,1,1
625.0,56,14857.24,46824.8,1,2,4
828.0,41,95484.402,171378.77,3,1,7
77.0,24,11827.7,167256.35,3,2,9
758.0,34,107683.65599999999,124226.16,3,1,3
795.0,33,13862.43,114935.20999999999,1,1,9
687.0,38,12257.87,3568.8800000000006,3,2,9
686.0,25,111028.094,16459.37,3,2,1
789.0,39,124828.45999999999,124411.8,1,2,7
589.0,5,144895.5,34941.23,1,1,5
460.99999999999994,34,63663.93,167784.28,1,1,5
637.0,4,133463.1,93165.34,3,2,2
584.0,48,213146.2,75161.25,2,1,2
579.0,35,12949.36,859.83,2,1,1
756.0,44,137452.9,189543.9,1,2,1
663.0,34,64459.56,18427.24,3,2,7
682.0,42,125851.93,193318.33,3,1,5
793.0,52,69806.06799999998,159123.82,2,2,2
691.0,31,4915.55,126213.84,3,1,5
485.0,21,113157.21999999999,54141.5,2,1,5
635.0,29,138296.94,14175.509999999998,2,1,8
65.0,30,16967.18,24495.3,3,2,5
735.0,44,12681.63,74836.34,3,2,9
416.0,32,69902.77799999999,878.87,3,2,5
754.0,32,77246.902,8952.75,2,1,7
535.0,48,77078.348,149892.79,3,1,9
716.0,42,91697.652,188.42,2,2,8
539.0,37,12769.59,98646.22,3,2,2
614.0,42,84981.81399999997,1941.53,3,1,6
76.0,57,42299.926,17941.16,2,2,7
758.0,33,91249.96399999999,82996.47,3,1,7
586.0,28,27363.946000000004,9267.35,2,1,2
646.0,73,97259.25,14719.66,3,1,6
631.0,33,123246.7,112687.56999999999,1,1,4
717.0,22,116.25,84699.56,2,1,6
684.0,3,58826.5,83473.82,3,2,2
8.0,49,187.36,47125.11,3,1,7
721.0,36,30734.879999999997,16977.8,2,1,2
683.0,29,13372.89,55582.54,2,2,5
66.0,31,125189.74999999999,139874.43,1,2,9
74.0,24,11334.22,16253.48,1,1,7
615.0,41,1913.2300000000002,196499.96,2,1,9
667.0,39,30734.879999999997,4721.24,2,1,2
682.0,24,57929.810000000005,53134.3,1,2,9
484.0,29,13114.39,16417.89,3,1,4
628.0,27,95826.49,155996.96,1,2,5
48.0,44,12968.57,5472.7,1,2,1
578.0,3,169462.9,112187.11,3,2,4
512.0,4,53002.39399999999,146457.83,3,2,5
484.0,35,133868.21,27286.1,2,1,7
51.0,3,94672.884,13553.47,3,1,5
66.0,36,19479.48,179351.89,1,2,5
597.0,4,11993.12,94774.12,2,1,8
754.0,55,16168.81,88.85,1,1,3
85.0,45,122311.21,19482.5,2,1,2
51.0,65,297595.092,4871.61,3,2,2
778.0,45,16215.42,174531.27,1,1,1
636.0,42,68085.00999999998,5547.78,3,2,2
84.0,5,95108.958,8546.87,3,1,4
514.0,32,70027.78399999999,95857.18,3,2,8
73.0,39,991.67,194945.8,3,1,1
525.0,37,61716.515999999996,131521.72,2,1,6
616.0,3,82422.12399999998,19618.51,2,2,5
687.0,34,111388.18,148564.76,1,1,7
715.0,41,56214.85,92982.61,3,1,8
512.0,36,84327.77,17675.36,3,1,3
479.0,4,73931.78199999999,114996.43,3,2,1
61.00000000000001,32,9312.89,86957.42,3,2,8
58.0,29,6171.44,12877.8,2,2,9
87.0,35,17479.15,6.36,3,2,3
616.0,32,55289.659999999996,431.46,2,1,6
721.0,37,1772.64,158591.12,1,2,3
51.0,57,18160.682,47847.19,3,2,1
521.0,35,96423.84,1488.44,3,2,6
85.0,3,1414.1,5978.2,2,2,2
759.0,42,1542.18,12149.6,3,2,4
516.0,5,65130.61800000001,146145.93,2,2,5
711.0,38,12922.6,14374.86,3,1,2
512.0,33,176666.62,9467.77,2,2,3
55.0,37,71778.16199999998,17967.31,3,2,3
68.0,41,89763.84,19934.74,2,1,3
618.0,34,134954.53,151954.39,3,2,5
643.0,45,63937.101999999984,142513.5,3,2,5
671.0,45,16376.85,158264.62,3,2,2
689.0,33,161814.64,169381.9,1,2,2
63.0,31,54209.85199999999,169915.2,3,2,8
62.0,41,31546.918,88852.47,3,1,9
676.0,34,6395.1,4645.81,3,1,1
572.0,26,118287.10000000002,6427.3,1,2,4
668.0,47,16854.21,157959.2,1,2,7
695.0,46,49512.55,1337.34,3,2,7
73.0,33,67488.62,176576.62,2,1,9
87.0,42,15799.32,34888.4,3,2,1
592.0,54,65386.21799999999,28737.710000000003,3,2,8
726.0,31,114722.5,98178.57,3,1,9
514.0,3,62447.64399999999,1251.24,2,2,7
567.0,42,42271.002,167984.61,3,2,2
85.0,33,73347.36199999998,4861.72,3,2,1
671.0,45,99564.22,18872.45,1,2,6
67.0,37,17557.91,198252.88,3,2,4
694.0,3,67996.66999999998,2696.31,3,1,9
547.0,39,74596.15,85746.52,1,1,6
751.0,5,96888.39,7726.25,1,2,2
594.0,29,1383.22,6148.53,1,1,3
673.0,72,60103.189999999995,111981.19,3,2,1
61.00000000000001,4,321183.38999999996,62232.59999999999,3,2,6
512.0,37,97262.30799999999,15615.300000000001,3,1,1
767.0,2,119714.24999999999,15135.379999999997,1,2,3
585.0,67,113978.97000000002,93146.11,3,1,5
763.0,42,116.75000000000001,33462.94,1,2,6
712.0,29,73271.59199999999,144375.0,3,1,2
539.0,42,11622.5,5583.96,1,1,3
668.0,46,90499.50799999999,8948.46,3,1,2
73.0,28,81173.83,162812.16,3,2,2
662.0,38,51459.164,136259.65,2,2,4
725.0,39,11683.8,12452.97,1,1,5
73.0,37,15961.68,74158.8,3,2,8
659.0,67,117411.60000000002,4571.9,1,2,6
523.0,34,60781.181999999986,623.6,2,2,7
635.0,4,123497.58,131953.23,3,1,1
772.0,26,1524.51,79414.0,1,2,7
545.0,26,67642.806,199638.56,3,1,1
634.0,24,1397.85,157577.29,1,2,8
739.0,54,126418.14,13442.75,1,2,8
771.0,36,77846.9,9985.99,1,1,5
587.0,34,80048.91199999998,97932.68,2,1,1
681.0,79,100806.97399999999,17968.99,3,1,4
544.0,37,79731.91,57558.95,1,2,2
696.0,28,60407.79,176713.47,2,2,8
766.0,41,60844.64200000001,34283.23,2,2,4
727.0,34,84385.728,198637.34,3,2,1
671.0,34,37266.67,156917.12,1,1,6
693.0,3,127992.25,5457.2,3,1,6
85.0,38,5491.1,1475.55,1,2,3
732.0,42,18748.8,65323.11,1,2,9
726.0,48,9996.19,64323.24,2,1,6
557.0,32,184686.41,14956.440000000002,3,1,6
682.0,26,11654.2,111879.21,3,1,6
738.0,31,7919.799999999999,1866.23,2,2,9
531.0,36,9924.51,123137.1,2,1,9
498.0,34,15001.457999999997,148528.24,3,2,2
651.0,36,64459.55999999998,13898.31,3,2,7
549.0,39,98437.79800000001,81259.25,2,1,7
791.0,35,52436.2,16151.750000000002,1,1,7
65.0,41,81081.064,191599.67,2,2,9
733.0,34,1337.96,48559.19,1,2,3
811.0,34,149297.19,186339.74,1,1,1
77.0,3,78861.73599999999,33159.37,3,2,8
712.0,28,14565.44,93883.53,1,2,4
76.0,37,71118.61,11899.3,2,1,7
756.0,62,13777.088000000002,11199.4,3,2,3
777.0,53,131059.33000000002,189992.97,3,1,1
646.0,35,8426.86,164255.69,3,2,6
714.0,46,80605.62199999999,152167.79,3,2,1
782.0,39,410592.9939999999,33949.67,3,2,8
775.0,29,35108.888,68143.93,2,2,1
479.0,35,138718.92,47251.79,1,2,4
87.0,42,118274.71,25885.72,3,2,7
799.0,22,174185.98,192633.85,3,1,8
675.0,4,11328.86,34577.36,3,2,7
62.0,29,1397.28,161229.84,2,2,5
475.0,32,11923.28,1816.2900000000002,3,1,8
744.0,26,166297.89,181694.44,2,1,5
674.6,34,84084.71199999998,7978.91,2,2,1
73.0,42,63227.00000000001,137316.32,1,2,9
747.0,41,94521.17,194926.86,2,1,5
583.0,27,79188.73,51285.49,3,2,7
75.0,34,112822.26000000001,1541.53,2,1,9
681.0,38,72413.684,112491.95999999999,3,2,3
773.0,25,13593.33,73656.38,3,2,2
714.0,31,125169.26000000001,16636.89,3,1,4
687.0,44,99367.35,155853.52,2,1,7
510.99999999999994,58,149117.31,162599.51,3,2,4
627.0,33,324095.616,13737.82,3,2,5
694.0,31,64431.63999999999,1699.27,3,1,1
616.0,36,132311.71,15462.84,2,1,6
687.0,35,412951.06200000003,1334.5,3,2,8
712.0,33,33621.952,19686.16,3,1,6
553.0,33,11882.89,9444.45,3,2,4
667.0,31,119266.69,28257.63,3,2,1
731.0,42,54159.894,1734.95,3,2,2
629.0,35,156847.29,31824.290000000005,1,2,7
614.0,5,13714.47,127166.49000000002,3,2,4
438.00000000000006,31,78398.69,44937.1,1,2,8
652.0,8,106180.286,18863.7,3,1,4
729.0,3,63669.42,145111.37,1,2,6
642.0,38,54470.622,171463.83,3,2,3
86.0,59,135296.33,182822.5,1,1,4
744.0,36,15384.44,87213.33,2,2,2
474.00000000000006,37,104475.402,57175.32,2,2,3
559.0,49,14769.78,1254.83,3,2,2
76.0,42,85180.416,28714.340000000004,2,2,9
628.0,22,63175.52999999999,85426.28,2,1,3
429.0,24,95741.75,4617.75,3,2,4
525.0,57,145965.33,64448.36,2,1,2
68.0,3,141441.75,16278.970000000001,3,1,8
749.0,4,13929.41,182855.42,3,2,1
763.0,31,89233.46199999997,544.72,3,1,4
734.0,3,86639.79199999999,1764.2500000000002,3,2,3
716.0,35,144428.87,134132.65,3,2,4
594.0,35,88722.37399999998,1348.69,3,2,2
644.0,46,95441.27,18761.5,3,1,9
671.0,35,144848.74,17912.3,1,2,1
664.0,26,116244.14,95145.14,1,2,7
656.0,5,73156.47200000001,72143.44,3,2,7
667.0,4,14652.700000000003,19162.89,2,1,1
663.0,44,11728.6,14468.180000000002,1,2,2
584.0,3,11213.81,177772.3,1,1,8
626.0,37,18269.37,5597.94,2,1,6
485.0,29,182123.79,116828.51,3,2,7
659.0,32,15923.74,174652.51,1,1,3
649.0,33,66146.59399999998,21.980000000000004,3,2,2
85.0,39,165272.13,1419.85,2,1,5
716.0,39,11531.31,43527.4,1,1,1
642.0,4,12952.49,8699.23,1,1,6
659.0,31,118342.26,161574.19,3,2,4
545.0,47,98298.24599999998,3897.14,2,1,5
543.0,22,62036.71,127587.22,3,2,8
718.0,25,88327.79799999998,338.12,3,1,7
84.0,42,22782.742,998.9500000000002,3,1,7
63.0,34,16937.5,138275.1,1,1,9
643.0,59,17331.37,32171.79,1,2,3
654.0,32,11451.85,126143.22999999998,1,1,1
582.0,39,60564.83799999999,129892.93000000001,3,2,5
659.0,32,17594.11,12416.84,2,2,3
762.0,39,81273.13,18719.67,2,2,2
568.0,32,169399.6,61936.22,2,1,7
67.0,25,532366.604,78358.94,2,2,6
613.0,45,187841.99,147224.27,3,1,1
539.0,3,50295.63,16979.66,3,2,3
85.0,57,126776.3,132298.49,2,1,8
522.0,34,126436.29,174248.52,2,2,9
737.0,41,1196.74,123547.28,3,2,1
52.0,58,71778.162,3279.2,3,2,3
76.0,28,61868.534,181543.67,2,2,3
643.0,45,15842.93,2319.96,1,1,2
648.0,5,12535.57,189543.19,3,1,9
443.0,29,9927.61,194.4,1,1,9
64.0,68,108067.09,199493.38,3,2,9
628.0,33,82885.228,188193.25,2,1,3
54.0,42,87271.41,172572.64,1,1,9
46.0,35,12742.91,189339.6,1,1,8
636.0,34,415.51,53512.16,1,2,2
593.0,29,152265.43,344.44,3,1,2
81.0,42,141947.67,1598.29,2,2,4
64.0,75,1637.91,113428.77,1,1,1
611.0,31,17884.81,183487.98,1,2,4
82.0,31,12513.72,187658.9,1,2,1
717.0,35,58469.37,172459.39,1,2,7
769.0,39,15264.029999999999,2116.0,3,1,8
745.0,45,117231.63,122381.2,1,2,1
572.0,35,15239.26,128123.66000000002,2,2,4
629.0,3,3413.6300000000006,1957.6300000000003,2,1,2
687.0,39,30734.88,18815.6,2,1,2
482.99999999999994,5,70988.568,1112.24,3,1,9
69.0,36,11583.11,123775.14999999998,3,2,7
492.0,3,77168.87,1467.22,1,1,1
79.0,28,124695.72,145251.35,1,2,8
75.0,44,15934.960000000001,82463.69,1,2,3
56.0,66,55294.668000000005,15928.490000000002,3,1,9
611.0,46,75513.14599999998,45886.33,2,2,6
73.0,62,69806.06799999998,186489.95,2,2,2
79.0,45,71892.04,162922.65,2,1,2
544.0,21,161525.96,9262.77,3,1,1
712.0,29,147199.7,84932.4,1,1,7
752.0,38,18312.29,71557.12,1,2,3
648.0,46,12729.0,7745.949999999999,2,2,9
556.0,38,58690.25,417.41,2,2,8
594.0,24,97378.54,7145.17,2,1,5
645.0,37,136925.9,1534.24,1,1,2
557.0,33,5453.55,371.5,3,2,3
547.0,32,155726.85,67789.99,1,2,8
71.0,39,53311.655999999995,145894.9,3,1,9
616.0,66,135842.41,18384.51,3,1,1
65.0,52,63349.74999999999,18887.44,3,2,1
593.0,38,129499.42,15471.27,1,1,4
751.0,52,60044.17999999999,179291.85,2,2,8
443.0,36,7438.100000000001,56937.43,2,2,6
685.0,23,62281.223999999995,112239.30000000002,3,2,8
718.0,36,26739.928,4599.87,3,2,9
538.0,49,141434.4,173779.25,2,1,9
611.0,37,41052.08,125696.25999999998,2,1,4
668.0,37,152958.29,159585.61,1,2,1
537.0,41,13836.34,16761.47,1,1,3
79.0,23,65419.529999999984,12959.18,2,2,1
85.0,38,73347.36199999998,86.65,3,2,1
745.0,31,124328.84,14451.52,2,1,3
693.0,41,181461.48,187929.43,1,1,9
795.0,35,60407.789999999986,167155.36,2,2,8
626.0,26,63089.882,19142.71,2,2,8
487.0,61,11368.3,11384.45,1,1,5
556.0,39,89588.35,94898.1,3,1,9
643.0,46,85334.66999999998,16781.59,3,1,6
65.0,28,60073.605999999985,15958.52,3,1,6
756.0,6,115924.89,93524.19,1,1,3
586.0,38,82472.00999999998,87168.46,3,1,2
535.0,4,111756.5,8128.32,1,2,7
678.0,35,32230.468,125518.32000000002,3,1,4
596.0,39,125487.94200000002,48963.59,3,2,9
648.0,26,162923.85,98368.24,3,2,9
492.0,39,124576.65000000001,148584.61,1,2,1
72.0,45,8793.58,27474.81,3,2,5
485.99999999999994,4,7134.9,76192.21,1,1,9
568.0,4,99282.63,1346.94,1,2,1
619.0,57,137946.39,72467.99,1,2,3
724.0,41,127892.57,199645.45,1,2,2
548.0,33,1184.36,42749.85,1,1,4
545.0,37,114754.79999999999,1365.44,1,1,8
683.0,33,72511.816,73564.44,3,2,8
762.0,51,99286.98,85578.63,3,1,3
627.0,3,79871.2,129826.89,1,1,4
516.0,35,1488.59,119666.0,3,2,1
8.0,38,16819.33,6852.8,3,1,2
464.0,42,85679.25,16414.74,1,1,3
626.0,35,64606.30999999999,819.36,3,1,3
79.0,31,31546.918,84126.75,3,1,9
534.0,34,121551.58,7179.0,3,1,7
745.0,46,12222.19,11824.1,3,2,2
553.0,47,116528.15000000001,14574.189999999999,2,2,3
748.0,26,7778.289999999999,18349.41,3,1,1
722.0,37,67575.492,1296.83,3,2,2
51.0,4,125832.19999999998,1433.83,3,2,4
675.0,38,6865.8,138777.0,3,1,6
778.0,47,127299.33999999998,124694.99,2,1,6
493.99999999999994,38,174937.64,484.32,1,1,7
85.0,4,72156.388,119232.33,3,2,9
592.0,31,1171.1,43921.36,2,2,7
58.99999999999999,44,139432.37,62222.81,2,1,3
758.0,39,127357.76,56577.00000000001,3,1,6
56.0,36,138379.44800000003,164253.35,3,2,5
733.0,33,39787.316,7666.7300000000005,3,2,3
711.0,38,73214.108,68487.51,3,2,3
514.0,42,95556.31,199273.98,1,2,1
637.0,37,56767.502,18662.36,2,2,8
468.0,29,111681.98,195711.16,1,2,1
539.0,39,9041.390000000001,36692.17,3,2,3
58.99999999999999,25,18738.71,1692.57,2,1,3
662.0,32,13395.37,48725.68,3,1,4
818.0,26,42058.658,16736.94,2,2,4
68.0,33,89968.69,68777.26,3,2,9
85.0,32,127567.53600000001,18924.92,2,1,9
816.0,38,13878.75,7195.770000000001,1,1,5
536.0,35,58444.708,64833.28,3,2,8
753.0,35,54470.622,184843.77,3,2,3
631.0,27,134169.62,17673.2,2,2,1
73.0,37,149762.8,2629.4,3,2,1
774.0,26,93844.69,28415.359999999997,3,2,2
785.0,28,83199.692,77231.27,3,2,8
571.0,33,51371.138000000006,1275.7,3,1,1
621.0,46,14178.369999999999,3458.8,1,2,3
65.0,31,117992.59000000001,183598.77,1,1,1
611.0,4,1812.33,147358.27,3,1,8
569.0,38,81992.94,18469.2,3,2,7
658.0,29,8262.6,2612.82,3,2,4
788.0,34,156478.62,181196.76,2,2,6
525.0,23,57708.236,16249.1,3,1,5
798.0,37,419280.3699999999,11783.28,3,2,8
485.99999999999994,37,115217.99,144995.33,1,2,9
615.0,61,40398.316,15227.85,2,2,9
73.0,35,15547.55,53718.28,3,1,4
641.0,37,88624.68799999998,75248.3,3,2,7
542.0,39,13596.77,14353.43,3,2,3
692.0,3,76362.79599999999,13486.57,3,2,2
714.0,55,1875.2200000000005,1127.71,1,1,9
591.0,29,97541.24,196356.17,2,2,1
71.0,41,15667.5,9983.88,3,1,2
639.0,38,8155.94,118974.76999999999,3,1,4
531.0,47,51443.522,194998.34,3,1,6
673.0,38,1761.92,13491.34,3,1,2
765.0,36,9231.54,72924.56,1,2,8
622.0,32,16989.38,1157.95,3,1,6
86.0,4,8613.93,142838.64,3,2,5
757.0,26,121581.56,12759.4,1,2,8
57.0,58,48773.076,11653.92,3,1,8
555.0,32,69702.534,5445.79,2,2,4
692.0,54,383104.46800000005,88721.84,3,2,5
774.0,6,85891.55,74135.48,3,2,5
638.0,44,77637.35,111346.21999999999,2,2,9
543.0,41,41038.24,19492.16,2,1,4
584.0,31,40798.78399999999,31474.270000000004,3,2,5
691.0,3,116927.89,21198.39,1,2,7
684.0,4,137326.65,186976.6,1,1,6
733.0,22,80043.10599999999,11722.19,3,2,5
599.0,37,127308.50399999999,143739.29,2,1,2
524.0,31,67238.98,161811.23,1,1,1
632.0,38,86569.76,989.9100000000001,1,1,6
735.0,34,74757.14799999999,7195.409999999999,2,2,5
734.0,34,133598.4,1317.24,3,2,6
65.0,51,136188.78,6711.59,3,1,3
793.0,38,23423.283999999996,88225.2,2,2,9
468.0,56,83634.60199999998,62256.869999999995,3,1,1
779.0,37,1292.52,135925.72,1,2,7
698.0,48,11238.24,177815.87,3,2,4
77.0,58,89685.92,126471.13000000002,3,2,6
85.0,35,211774.31,188574.12,3,1,1
85.0,56,131317.48,119175.45,3,2,7
527.0,37,93722.73,13993.730000000001,2,2,5
696.0,32,1116.99,115916.54999999999,1,2,8
661.0,48,1232.54,96463.25,3,2,3
776.0,31,69771.87799999998,112349.51,3,1,2
71.0,42,70331.556,16533.79,3,2,2
61.00000000000001,26,95150.56,16631.8,3,2,8
572.0,48,152827.99,38411.79,1,1,3
673.0,3,6497.75,77783.35,3,2,1
519.0,57,11935.35,29871.789999999997,2,1,2
72.0,26,135219.57,59747.63,2,1,4
729.0,32,93694.42,79919.13,3,2,6
543.0,35,5948.63,76773.53,2,2,1
55.0,4,114354.95000000001,5418.93,3,1,7
68.0,59,37448.468,7649.64,3,2,1
639.0,35,128173.9,5993.39,1,2,1
686.0,34,42622.852000000006,127569.80000000002,2,2,9
564.0,62,114931.35,1826.98,1,1,5
745.0,28,11171.36,73275.96,1,1,1
833.0,37,151226.18,136129.49,3,2,8
622.0,26,60896.322,153237.59,3,2,9
597.0,42,6474.12,16841.12,3,1,4
721.0,51,169312.13,1978.35,2,2,3
54.0,49,52925.638000000006,87822.14,3,1,7
842.0,44,112652.8,126644.98,2,1,2
587.0,38,101288.10399999999,47414.15,3,2,5
479.0,3,143964.36,41879.99,1,1,7
58.0,49,122451.46,7588.099999999999,3,2,7
749.0,24,111028.094,47911.3,3,2,1
721.0,36,65253.7,28737.78,1,1,3
674.0,47,1691.94,279.2,1,2,6
685.0,25,12859.63,121562.32999999999,2,1,1
417.0,34,57557.1,553.79,3,2,7
574.0,33,129834.67,193131.42,1,2,3
58.99999999999999,51,154962.99,191932.27,2,1,3
587.0,4,138241.9,159418.1,1,2,5
598.0,41,91536.93,191468.78,1,2,3
741.0,53,85493.82599999997,38913.68,2,2,3
85.0,6,82997.66199999998,75.18,2,1,5
584.0,29,1524.1,13849.3,1,1,7
65.0,61,152968.73,8297.69,2,2,1
67.0,36,158261.68,76744.72,2,2,8
58.99999999999999,46,60514.38999999999,71244.59,3,1,1
689.0,38,12121.5,12182.15,2,1,6
543.0,36,65145.274000000005,14121.5,3,2,4
438.00000000000006,54,127308.50399999999,191763.7,2,1,2
687.0,63,137715.66,37938.74,2,1,1
737.0,31,121192.22,7489.58,1,2,5
761.0,31,78188.514,166698.18,3,2,7
61.00000000000001,44,1486.18,62678.53,3,2,1
651.0,45,83949.268,6774.8,3,2,1
745.0,35,92566.53,161519.77,3,2,9
648.0,49,48876.394,159835.78,2,1,1
848.0000000000001,4,11929.96,3876.84,2,2,3
546.0,27,56258.328,14858.1,3,1,8
439.0,32,13891.61,75685.97,2,1,3
755.0,3,123217.66,144183.1,3,2,4
593.0,41,98264.32999999999,6517.66,3,1,6
71.0,39,94051.63599999998,82526.92,3,2,2
71.0,36,124507.77599999998,169161.46,2,2,8
67.0,33,18431.87,19291.39,2,1,2
586.0,57,91377.944,657.81,2,1,3
547.0,3,72392.41,7777.140000000001,1,1,9
647.0,51,119741.77,54954.51,1,1,1
76.0,51,1946.7100000000003,179614.8,3,1,2
621.0,53,17491.84,35588.7,2,2,9
725.0,44,98350.82199999997,117356.14,3,2,5
526.0,36,58548.076,16696.72,3,2,1
519.0,47,157296.2,147278.43,2,1,6
713.0,38,14466.219999999998,56594.36,1,1,7
7.0,38,134811.3,1299.75,3,2,8
666.0,34,115897.12,2595.3,3,1,9
63.0,32,8234.0,146326.45,2,2,4
779.0,26,174318.13,38296.21,2,1,4
611.0,41,11426.84,16461.6,1,1,2
685.0,42,29034.720000000005,17811.28,2,2,9
646.0,39,111574.41,3838.51,1,2,9
683.0,57,162448.69,9221.78,1,1,5
484.0,34,148249.54,33738.27,1,1,4
61.00000000000001,42,53666.774,11916.15,3,1,8
762.0,26,12379.46,169654.57,2,1,7
687.0,72,64344.68599999999,69829.4,3,1,9
566.0,3,77161.28,54926.51,3,2,5
72.0,37,15525.8,94728.49,3,2,1
61.00000000000001,29,46660.124,8393.27,3,2,9
699.0,53,34773.77,11137.98,3,2,4
584.0,28,103780.16399999999,19834.32,3,2,1
699.0,35,363912.064,78397.24,3,2,5
698.0,51,11118.98,8641.28,1,1,2
495.0,3,129755.99000000002,172749.65,3,2,1
65.0,27,60073.606,12.39,3,1,6
65.0,64,129555.69999999998,1361.79,3,1,2
667.0,38,8722.38,77866.91,2,2,1
688.0,26,146133.39,175296.76,1,2,8
727.0,31,74892.57599999999,121751.4,2,1,6
754.0,39,17184.99,89593.26,2,2,6
612.0,62,14745.33,193437.89,1,1,8
546.0,42,1397.51,86945.0,2,2,7
673.0,37,56011.795999999995,183318.79,2,1,8
593.0,35,114193.23999999999,71154.1,3,2,9
656.0,4,167878.5,151887.16,2,1,1
535.0,53,141616.55,75888.65,1,1,5
678.0,36,145747.67,89566.74,1,2,3
477.00000000000006,48,12912.64,26475.79,2,1,2
85.0,35,11349.82,126355.8,2,2,7
427.00000000000006,29,141325.56,93839.3,3,2,1
752.0,49,78653.84,7698.600000000001,3,2,2
649.0,47,55998.236,145593.85,3,2,1
799.0,28,142253.65,4542.56,2,1,3
589.0,61,94578.92999999998,6118.56,3,1,1
583.0,54,115988.86,57553.98,1,1,6
839.0,33,75592.43,62674.41999999999,2,1,1
54.0,44,164113.4,1212.79,1,2,3
85.0,31,67996.23,5129.87,3,2,6
696.0,51,98298.24599999998,5522.43,2,1,5
66.0,33,77104.16399999999,117834.91,2,1,1
682.0,48,138778.15,16884.23,3,2,1
744.0,42,147832.15,24234.11,3,1,1
785.0,36,135438.4,19627.1,3,1,4
752.0,48,1166.8,156618.38,2,2,5
76.0,29,112564.62,42334.38,3,1,5
583.0,27,12546.58,11784.42,3,1,1
66.0,39,135134.99,173683.0,1,1,5
819.0,39,13312.92,2746.46,3,1,9
673.0,34,42157.8,2598.59,3,1,8
752.0,3,41278.618,14991.280000000002,3,1,3
578.0,38,82259.29,8996.97,3,2,7
438.00000000000006,36,61652.049999999996,6442.5,3,1,4
652.0,38,116814.53000000001,1457.22,3,2,6
629.0,49,61032.09599999998,196335.48,3,1,4
72.0,52,74692.116,14781.12,3,2,7
668.0,42,15461.7,18139.23,3,2,3
459.0,48,133994.52,19287.6,1,2,4
729.0,31,16487.81,9567.39,2,2,8
498.0,25,12172.73,13221.49,1,2,6
549.0,25,193858.2,216.11,2,2,6
61.00000000000001,54,13139.97,199661.5,1,1,1
544.0,64,113829.45,124341.49,3,2,9
751.0,3,75954.47399999999,15766.100000000002,3,1,6
632.0,41,81877.38,33642.21,1,1,3
694.0,57,116326.70000000001,11774.65,2,2,8
678.0,31,67878.87599999999,5883.28,3,2,2
695.0,46,93632.54999999999,137537.22,3,2,4
661.0,41,73978.886,1313.68,3,1,1
661.0,33,108535.05399999999,84174.81,3,2,9
559.0,31,1277.73,16941.78,3,1,3
53.00000000000001,29,81453.95,143954.99,3,2,3
695.0,46,122549.64,56297.850000000006,2,2,3
64.0,42,17699.13,844.73,3,1,5
624.0,48,122388.38,32.9,1,1,3
667.0,42,84751.44799999999,58137.420000000006,3,2,9
642.0,26,119042.878,47472.68,3,2,3
64.0,32,118879.35,19131.71,2,1,6
529.0,35,89402.89799999999,187288.5,2,2,5
563.0,39,82397.258,1763.8099999999997,3,1,5
593.0,38,88736.44,672.3,2,1,4
739.0,45,1273.62,14782.940000000002,1,2,7
788.0,6,41471.068,4161.62,2,1,1
684.0,38,91377.944,44255.65,2,1,3
433.3999999999999,55,97318.25,78416.14,3,2,5
591.0,58,128468.68999999999,137254.55,2,2,5
651.0,41,133432.59,15133.480000000001,1,1,4
749.0,4,141782.57,86333.63,1,1,8
583.0,24,135125.28,8981.9,3,2,9
661.0,42,17882.91,29358.57,2,2,2
715.0,31,112212.14,1816.72,3,1,2
769.0,45,126674.81000000001,124118.71000000002,1,1,5
625.0,51,136294.97,38867.46,3,1,7
641.0,36,66392.64,3116.67,3,1,5
716.0,27,122552.34,67611.36,1,2,1
767.0,42,7648.85,77837.63,3,2,1
745.0,36,14571.239999999998,678.46,1,2,8
589.0,34,30384.918,177896.92,3,2,6
796.0,45,1973.2199999999998,123882.72999999998,3,1,2
664.0,57,85532.17199999999,1534.8,3,2,6
445.0,62,64119.37999999999,76569.64,2,2,1
543.0,57,16138.33,12657.32,1,1,1
746.0,36,56680.49599999999,16436.56,2,2,2
742.0,33,181656.51,17667.91,1,2,5
75.0,32,56847.56799999999,95611.47,3,1,5
669.0,3,95128.86,19799.26,3,2,7
594.0,49,126615.94,123214.74,2,1,2
574.0,36,57883.88199999999,7179.119999999999,2,2,1
659.0,36,7619.48,14966.140000000001,1,2,2
75.0,4,168286.81,2451.99,1,2,5
626.0,35,8819.81,32825.5,1,2,4
62.0,42,44197.087999999996,6232.31,3,2,4
58.0,35,74200.174,1357.3,3,1,8
686.0,34,123971.50999999998,147794.63,3,1,3
54.0,48,148116.48,116973.48000000001,3,2,6
634.0,35,116269.09999999999,129964.94000000002,1,2,6
632.0,38,12599.21,92816.86,2,2,1
51.0,41,14426.5,172114.67,3,1,3
65.0,25,8665.5,16649.31,2,1,3
786.0,34,60896.322,144517.19,3,2,9
554.0,37,58629.97,18238.6,1,1,4
71.0,42,82961.63799999999,2421.56,2,1,5
474.00000000000006,45,84603.204,172175.9,3,2,1
621.0,42,127262.552,47578.45,3,1,5
672.0,56,29767.31,15694.419999999998,2,1,2
459.0,42,129634.25,177683.2,2,1,6
669.0,23,111028.094,6688.83,3,2,1
776.0,38,169824.46,169291.7,3,1,2
694.0,36,9753.25,11714.41,3,2,3
787.0,42,145988.65,7951.37,3,1,1
58.0,37,45145.00400000001,7718.66,3,2,9
711.0,25,91704.508,9679.28,3,1,7
673.0,4,137494.28,81753.92,3,1,5
499.00000000000006,57,64671.048,131372.38,3,1,1
591.0,24,14736.0,2531.82,3,2,6
769.0,25,96447.694,187925.75,3,1,1
657.0,31,125167.20000000001,9882.39,2,2,3
738.0,42,121152.50000000001,64166.69999999999,1,2,9
545.0,6,128981.7,176924.21,1,1,7
496.99999999999994,47,56915.47599999999,955.7999999999998,3,2,6
816.0,67,151858.98,72814.31,2,2,6
525.0,36,114628.4,16829.6,3,2,2
725.0,46,12958.440000000002,161767.38,3,2,6
692.0,28,9559.2,4442.18,3,1,8
618.0,24,128736.39,37147.61,3,1,7
546.0,24,156325.38,125381.19999999998,3,2,8
635.0,29,1545.97,149853.89,3,2,7
611.0,49,88915.37,161435.2,3,1,2
65.0,6,78861.73599999999,12925.76,3,2,8
66.0,4,64034.234000000004,7899.270000000001,3,2,5
843.9999999999999,18,1698.3,145936.28,3,2,2
45.0,46,177619.71,54227.6,2,1,5
727.0,38,62276.99,5928.79,2,2,2
46.0,46,127559.96999999999,126952.50000000001,1,2,4
649.0,41,37728.47,13567.2,3,2,5
758.0,47,95523.16,73294.48,1,1,9
49.0,35,17749.3,3937.37,3,1,7
815.0,37,11777.26,2383.59,1,2,2
838.0,39,166733.92,14279.44,2,1,5
83.0,31,15712.859999999999,1413.53,3,2,9
664.0,36,12716.78,7814.75,1,1,2
736.0,28,102327.92199999999,117431.10000000002,2,1,2
633.0,37,15691.969999999998,728.61,3,1,9
664.0,58,98668.18,6887.58,3,2,5
6.0,42,13422.6,194764.83,3,1,5
693.0,35,124151.9,8875.14,3,1,5
663.0,36,77253.5,35817.97,1,1,6
742.0,21,114292.48,3152.4,1,1,1
71.0,42,148.32,15798.190000000002,1,2,2
71.0,27,135277.96,1422.15,2,1,2
7.0,82,47274.368,18255.36,3,1,2
72.0,6,11592.62,157552.8,1,2,9
684.0,41,119782.72,12284.67,2,2,2
531.0,63,114715.71,2456.95,3,1,1
742.0,36,129748.54,47271.61,1,1,2
717.0,31,129722.57,41176.6,3,2,4
589.0,32,88722.37399999998,9468.64,3,2,2
767.0,36,13918.2,12388.19,3,2,3
636.0,49,113599.74000000002,158887.9,1,2,6
648.0,33,134944.0,11736.38,3,2,7
622.0,58,116922.24999999999,12415.61,1,1,7
692.0,28,118945.9,1664.25,2,2,9
754.0,28,94295.17399999998,52615.62,3,2,8
679.0,35,119182.73,12121.9,2,1,8
639.0,27,65830.74799999999,192247.35,3,2,8
774.0,28,71264.2,68759.57,3,1,1
517.0,41,47959.288,75937.47,3,2,2
571.0,35,79671.334,84569.13,3,1,8
747.0,58,116313.56999999999,19696.35,1,2,7
792.0,36,9214.15,67468.67,2,2,5
688.0,26,111028.094,14435.939999999999,3,2,1
714.0,42,17764.9,47166.55,1,2,2
562.0,35,54738.108,119899.52000000002,2,1,6
74.0,48,167997.6,173498.45,2,2,8
698.0,36,82275.35,93249.26,3,2,2
611.0,49,54470.622,142917.54,3,2,3
85.0,48,111962.99,111755.8,1,1,6
743.0,34,131736.88,18543.21,1,1,1
654.0,29,111028.09399999997,18345.44,3,2,1
761.0,36,18239.11,99444.2,1,2,8
72.0,46,98444.19,19563.28,3,1,9
488.00000000000006,32,11454.38,92568.7,1,2,3
683.0,35,18753.66,37976.36,3,1,6
61.00000000000001,42,133636.16,13315.74,1,1,9
65.0,52,83587.52,173952.5,3,2,7
671.0,44,84745.3,34673.98,1,1,3
614.0,31,12599.38,46163.44,1,1,7
510.99999999999994,29,123316.81399999998,14676.980000000001,2,1,9
85.0,39,127771.35,151738.54,3,2,4
79.0,46,127567.53600000001,14679.81,2,1,9
793.0,33,146359.28800000003,175544.2,3,1,4
628.0,69,112176.766,181964.6,3,2,5
598.0,53,167772.96,136886.86,1,2,1
657.0,37,95845.6,122218.23,3,1,6
618.0,35,89553.14799999997,18439.75,3,1,1
681.0,65,134714.7,19419.81,2,2,7
516.0,33,68865.894,58685.590000000004,2,1,3
421.0,28,122384.22000000002,8917.38,1,2,8
7.0,26,45089.98800000001,551.42,3,1,2
745.0,25,157993.15,14641.45,3,2,5
696.0,29,65830.74799999999,191166.9,3,2,8
58.0,42,123331.36,13516.8,1,1,2
496.99999999999994,27,75263.16,164825.4,2,2,9
72.0,42,137824.3,172557.77,3,1,6
659.0,36,132578.92,8432.94,1,2,4
841.0,36,15621.31,122662.97999999998,3,1,5
642.0,34,34391.77600000001,7285.1,2,2,8
732.0,69,137453.43,11932.24,2,1,9
6.0,36,63418.842,143635.36,2,2,4
464.0,33,164284.72,371.34,1,2,8
68.0,47,55992.261999999995,179843.33,3,1,5
758.0,56,60217.81999999999,1643.38,2,2,1
63.0,31,112373.49,131167.98,1,1,2
577.0,39,73978.886,1553.31,3,1,1
684.0,34,33621.952,13928.219999999998,3,1,6
78.0,41,82961.63799999999,1573.99,2,1,5
732.0,29,154333.82,138527.56,1,1,1
634.0,37,111432.77,16732.49,1,2,3
633.0,3,93069.38399999996,41642.29,3,1,6
559.0,34,13739.11,9677.0,3,2,2
694.0,37,92380.99199999998,14712.220000000001,2,1,3
686.0,56,111642.8,8553.87,1,1,5
553.0,48,82402.92199999999,373.95,2,1,3
57.0,36,83543.37,14134.43,3,2,4
732.0,5,145338.76,91936.1,1,2,6
818.0,31,186796.37,178252.63,3,1,1
66.0,35,58641.43,198674.8,1,2,8
773.0,41,98298.24599999998,28266.9,2,1,5
64.0,44,137148.68,92381.1,3,2,3
55.0,49,81.23,13518.11,3,2,7
714.0,21,8642.52,2733.59,1,2,6
468.0,42,84419.75799999997,12535.34,3,1,5
611.0,51,122874.74,149648.45,2,2,1
75.0,25,97544.29,59887.149999999994,3,2,5
646.0,46,17826.55,4541.32,1,2,1
667.0,48,97133.92,113316.77000000002,1,1,1
510.99999999999994,41,153895.65,3987.42,1,1,8
653.0,42,84981.814,733.59,3,1,6
675.0,57,88392.726,95463.29,3,1,8
523.0,32,50431.38599999999,167848.2,2,2,4
567.0,49,134956.2,93953.84,1,1,5
741.0,39,143637.58,174227.66,2,2,7
456.0,32,14756.25,135399.21,2,2,9
598.0,64,110189.73599999999,195635.3,3,2,1
667.0,42,19227.46,9758.4,3,2,8
548.0,32,172448.77,18883.77,3,1,2
725.0,41,11398.21,11674.25,3,2,7
717.0,53,118098.026,97614.87,3,2,6
594.0,38,60615.30199999999,186884.4,3,2,4
678.0,25,76968.12,13151.72,1,1,1
545.0,38,88293.13,2432.95,3,2,1
636.0,48,17833.46,1151.28,3,1,1
63.0,44,18122.39,18488.33,1,2,6
435.00000000000006,36,65145.27399999999,19715.2,3,2,4
535.0,4,58861.234,27689.77,3,1,8
629.0,45,129818.38999999998,9217.55,1,1,7
722.0,35,163943.89,1568.18,3,1,2
561.0,28,92278.56999999998,7797.1,3,2,7
645.0,38,1143.3,44.32,3,1,5
51.0,39,11731.66,18225.95,3,1,9
52.0,32,17334.83,122763.95000000001,1,1,1
652.0,42,56426.157999999996,38152.1,2,1,4
574.0,33,134348.57,63163.99,3,1,3
518.0,45,15525.650000000001,73418.29,3,1,9
749.0,6,75954.47399999999,17978.68,3,1,6
679.0,42,32230.468000000004,115136.51,3,1,4
565.0,36,16192.099999999999,149575.59,3,2,6
643.0,45,45144.43,6917.24,3,1,4
515.0,65,92113.61,142548.33,3,2,7
521.0,25,60139.897999999994,157878.67,3,2,7
739.0,38,128366.44,12796.43,2,2,2
585.0,42,91409.46599999999,18657.77,3,2,2
733.0,74,16545.53,134589.58,1,2,3
542.0,42,145618.37,135.74,3,1,8
788.0,37,141541.25,6613.27,2,2,8
435.00000000000006,32,5717.6,597.11,1,2,2
577.0,42,61128.622,7477.91,3,2,9
73.0,51,92668.98200000002,77294.56,3,1,3
728.0,35,125884.95000000001,54359.2,1,1,8
728.0,32,61825.49999999999,156124.93,1,2,5
718.0,35,412951.0619999999,9482.85,3,2,8
621.0,4,29385.244000000006,155155.25,3,1,6
523.0,4,12967.41,12872.1,3,1,2
657.0,25,17177.55,22745.5,1,2,2
727.0,4,9351.64,71865.31,1,2,1
643.0,36,16164.640000000001,84294.82,3,2,7
645.0,48,9612.34,149139.13,3,1,7
568.0,28,14515.639999999998,185489.11,3,2,5
599.0,58,32544.615999999998,17647.15,3,2,4
672.0,45,60172.064000000006,9227.69,3,1,9
685.0,33,174912.72,43932.54,3,2,6
516.0,46,14947.72,115789.24999999999,3,1,1
685.0,31,135213.71,125777.28,2,2,1
86.0,25,75225.116,18461.9,2,2,7
64.0,36,116229.84999999999,79633.38,3,2,6
648.0,53,11121.41,121542.29,2,1,6
545.0,32,57965.39199999999,94739.2,2,1,4
756.0,27,131899.0,9332.29,1,2,1
569.0,35,124525.52,193793.78,3,2,1
596.0,47,115007.03,74835.65,3,2,6
475.0,39,41334.36,56999.899999999994,3,2,6
646.0,45,47134.75,57236.439999999995,3,1,3
784.0,35,55788.00200000001,81483.64,2,2,3
552.0,45,36879.104,26752.56,2,2,9
729.0,44,67158.49399999999,92.54,3,2,5
69.0,61,89633.11,22447.85,2,2,1
555.0,51,63937.101999999984,189122.89,3,2,5
572.0,19,138657.8,16161.82,1,1,1
785.0,34,732.48,686.36,3,1,9
714.0,36,1169.1,447.73,1,1,1
738.0,35,71200.678,1565.73,2,2,3
639.0,38,1317.82,149599.62,1,2,5
52.0,61,13382.29,934.1,1,2,8
764.0,24,16234.2,115676.38,3,1,7
661.0,39,132628.98,38812.67,2,2,6
564.0,41,13522.75,34338.21,1,2,9
78.0,42,19239.52,823.36,1,1,8
512.0,36,122843.91000000003,135482.26,2,2,1
592.0,37,33729.28400000001,1656.89,2,2,9
619.0,38,108884.232,116467.35,3,1,3
775.0,52,19922.61,96823.32,3,2,8
85.0,44,12865.32,17196.2,1,1,5
577.0,37,32750.930000000004,79881.39,3,1,4
724.0,37,68598.56,157862.82,3,1,1
71.0,35,16518.52,127951.81,2,2,1
696.0,31,15264.029999999999,19174.11,3,1,8
376.0,46,59839.26199999998,157333.69,3,1,6
675.0,29,121326.42,133457.52,1,1,8
745.0,36,67226.37,13789.6,3,2,8
697.0,25,82931.85,128373.88,2,1,5
599.0,39,24446.994,194273.2,2,1,4
715.0,38,11859.41,5684.17,3,1,5
659.0,67,145981.87,13143.2,3,2,4
684.0,48,7339.380000000001,21228.34,3,1,3
635.0,48,13796.33,4325.3,3,1,8
789.0,33,15167.56,4389.4,1,2,8
571.0,66,111577.1,189271.9,1,1,9
694.0,39,1742.74,12284.2,2,2,3
665.0,42,156371.61,156774.94,2,1,2
76.0,44,12965.99,69865.49,3,1,4
87.0,42,343331.23,85523.24,2,1,3
771.0,67,92787.668,51219.8,2,1,8
531.0,27,132576.25,7222.92,2,2,8
629.0,37,12911.3,23971.33,3,1,6
85.0,31,18822.4,132173.31,1,1,1
685.0,35,137948.51,113639.64000000001,2,2,4
642.0,32,1433.8,39768.59,2,2,7
529.0,63,96134.11,18732.96,2,2,4
683.0,42,115888.39999999998,117349.19,1,1,4
663.0,42,124626.7,784.5,3,1,5
563.0,34,13981.34,152417.79,3,1,6
637.0,34,123316.81399999998,2657.8,2,1,9
544.0,37,84496.71,79972.9,3,2,3
649.0,6,116854.71,17125.79,1,2,9
638.0,48,138333.3,47679.14,3,1,1
723.0,25,64382.087999999996,13459.47,3,2,3
635.0,42,78992.75,153265.31,1,2,5
75.0,38,97257.41,179883.4,2,1,7
73.0,34,122453.37,138882.98,3,2,5
75.0,36,11294.7,9855.81,2,1,8
586.0,42,132558.26,6746.83,3,1,8
52.0,38,35512.188,56388.63,3,1,4
652.0,48,133297.24,77764.37,3,1,8
55.0,46,22782.742,1359.35,3,1,7
594.0,27,19741.8,151912.49,3,2,7
749.0,44,71497.79,15183.8,1,1,3
668.0,32,90024.90199999999,777.37,3,2,7
614.0,35,1281.28,69454.24,1,1,6
773.0,25,124532.77999999998,11723.57,3,2,1
551.0,31,82293.82,91565.25,1,2,9
566.0,36,14212.91,79616.37,3,2,1
569.0,34,151839.26,12299.81,2,2,4
659.0,31,14962.880000000001,14533.51,2,2,7
722.0,49,168197.66,14765.57,3,1,3
566.4000000000001,37,93147.0,66214.13,3,2,5
615.0,35,9744.2,139816.1,3,1,2
752.0,42,6546.8,14139.28,1,1,3
661.0,28,95357.49,12297.15,2,1,7
838.0,42,12315.88,145765.83,2,2,9
600.8,29,46124.55000000001,83912.24,2,2,9
811.0,44,55788.00199999999,78439.73,2,2,3
587.0,62,121286.27000000002,6776.92,2,2,7
811.0,28,167738.82,993.42,1,1,4
759.0,38,1491.29,91561.91,3,1,1
648.0,42,12198.56,427.2,1,1,8
788.0,42,92667.262,116111.51000000001,3,1,1
725.0,39,588.98,18423.54,1,2,1
646.0,42,175159.9,67124.48,3,1,3
61.00000000000001,26,15514.690000000002,57.589999999999996,1,1,7
521.0,52,116497.31,53793.1,1,2,5
561.0,33,55289.659999999996,45261.47,2,1,6
564.0,42,99824.45,36721.4,3,2,7
443.99999999999994,45,56915.47599999999,139.85,3,2,6
65.0,71,119169.68800000004,17538.77,2,2,3
724.0,4,48452.552,127847.25,3,2,1
719.0,35,122964.88,138231.7,2,2,3
548.0,29,53337.842,48673.18,3,1,4
635.0,24,69702.534,7668.77,2,2,4
496.0,42,68865.894,19955.53,2,1,3
676.0,37,89634.69,169583.18,3,1,5
541.0,4,9571.11,4963.42,1,2,7
778.0,41,13976.31,63337.19000000001,1,2,7
85.0,45,1399.86,683.11,1,1,5
633.0,31,97252.84199999999,4866.71,3,2,1
625.0,49,173434.9,16558.93,3,2,6
485.0,32,12238.1,1941.12,2,2,6
547.0,48,17938.74,69263.1,3,1,1
642.0,32,72413.684,88698.83,3,2,3
718.0,25,18691.95,633.97,3,1,4
582.0,32,50746.092000000004,59668.81,3,1,4
628.0,33,98052.38799999998,18423.23,3,2,6
737.0,35,133377.8,645.19,1,2,4
828.0,34,23423.284000000003,81853.98,2,2,9
69.0,53,63683.14799999998,154642.91,2,2,1
73.0,39,116537.60000000002,145679.6,3,2,1
631.0,22,41278.618,3781.77,3,1,3
83.0,4,48998.812000000005,81622.52,2,2,4
645.0,29,13131.8,196474.35,3,2,1
663.0,46,54470.622,176276.1,3,2,3
678.0,3,99248.13399999998,35113.8,2,2,6
521.0,3,17316.9,64299.82000000001,3,2,2
625.0,24,104130.356,18969.55,3,1,1
523.0,3,83181.29,138176.78,3,2,1
714.0,72,103983.39399999999,86733.61,3,1,3
58.0,67,153946.14,7418.92,2,2,3
722.0,3,53002.39400000001,166376.54,3,2,5
63.0,39,135483.17,14881.2,2,1,7
579.0,35,80046.976,446.2,3,2,1
67.0,38,119624.54000000001,11472.12,3,1,4
588.0,34,121132.25999999998,8646.28,2,2,6
87.0,42,19668.564,165.66,2,1,1
726.0,48,42405.096000000005,1142.6,3,1,4
812.0,25,54817.55,13166.31,1,2,5
631.0,4,17949.45,52449.62,1,2,3
682.0,3,88895.81799999998,161465.31,3,2,4
625.0,49,8816.45,218.79000000000002,2,1,2
67.0,38,9825.77,176318.27,1,2,3
6.0,5,94684.27,5488.91,2,1,6
62.0,22,14164.76,3379.6,2,1,7
545.0,74,110376.778,161326.73,2,1,3
675.0,33,32519.048000000003,45348.8,2,2,3
581.0,47,122949.14000000001,18251.68,3,1,1
64.0,33,81677.22,34925.56,1,2,8
85.0,38,8293.98,126555.74,3,2,7
49.0,48,155413.6,187921.3,2,1,8
71.0,38,343671.806,13639.88,2,1,4
613.0,38,67111.65,78566.64,1,2,9
812.0,34,13818.43,16638.27,3,2,5
723.0,2,81540.77599999998,14385.33,3,1,4
512.0,36,152169.12,38629.3,3,2,4
731.0,52,124546.61399999999,24998.75,3,1,1
65.0,26,214346.96,128815.33,1,2,4
594.0,57,58959.91599999999,19376.56,3,2,6
843.9999999999999,4,113348.14,3194.31,3,2,7
686.0,47,17935.94,173179.79,1,1,5
695.0,52,1323.26,22485.64,1,2,8
624.0,23,85093.48999999999,196668.51,2,1,6
53.00000000000001,37,96001.932,13656.86,2,2,6
535.0,31,111855.39999999998,36278.89,3,1,7
743.0,32,14348.560000000001,163254.39,1,1,6
72.0,39,129669.346,99654.13,2,2,8
658.0,29,145512.84,227.2,3,2,3
677.0,41,14672.98,4195.84,1,1,8
664.0,32,1729.73,11234.2,3,2,1
766.0,38,13933.74,235.94000000000003,1,1,7
460.99999999999994,35,56011.795999999995,132295.95,2,1,8
688.0,36,89772.3,177383.68,2,2,5
678.0,32,40945.768000000004,9284.47,3,1,5
796.0,24,94295.174,61349.369999999995,3,2,8
83.0,42,138379.44800000003,196466.83,3,2,5
712.0,36,1749.4999999999998,7758.369999999999,3,2,2
498.0,31,91706.34199999999,13892.57,3,1,1
85.0,22,97779.314,9684.52,2,2,2
628.0,51,123981.31,4546.15,3,1,3
539.0,34,91622.42,13663.42,1,1,4
732.0,36,126195.81,133172.48,3,2,7
715.0,41,94267.9,152821.12,3,2,4
651.0,4,88895.81799999998,147715.83,3,2,4
813.0,34,99748.98799999997,43169.15,3,2,6
692.0,29,137892.66199999998,76755.99,3,2,4
756.0,39,1717.85,7346.4,1,1,3
543.0,36,30384.91800000001,176728.28,3,2,6
79.0,26,141581.71,9839.27,3,1,4
493.99999999999994,38,60781.181999999986,623.66,2,2,7
85.0,39,148586.64,176791.27,3,1,2
73.0,29,84227.848,5679.48,2,2,9
432.0,38,60781.181999999986,1558.88,2,2,7
512.0,32,12343.85,812.19,1,1,2
589.0,28,60139.898,151645.96,3,2,7
514.0,46,16511.85,5572.32,3,1,3
678.0,38,58404.428,11568.99,3,1,2
42.0,34,135549.9,149471.13,1,1,1
679.0,38,11555.37,46522.68,1,2,7
595.0,31,60615.30199999999,189995.86,3,2,4
713.0,52,185891.54,46369.57,3,1,5
833.0,59,13854.59,3722.52,1,2,1
69.0,42,92578.14,781.6,3,1,3
731.0,21,132312.6,16663.46,1,1,8
68.0,62,144976.5,175836.3,3,1,8
479.0,48,877.23,85646.41,2,2,5
519.0,42,24073.667999999998,11485.72,3,2,8
731.0,47,115414.19,191734.67,3,1,1
617.0,61,917.4299999999998,11839.77,2,2,7
756.0,29,117412.19,4888.91,2,2,2
848.0000000000001,31,918.4500000000002,193132.98,1,2,4
89.0,24,80364.81199999999,193518.76,3,1,4
698.0,56,112414.81000000001,93982.2,1,2,1
779.0,33,158456.76,197.92,1,2,1
66.0,35,75225.116,16837.6,2,2,7
612.0,58,149641.53,115161.28,1,1,1
663.0,33,122528.18,19626.3,2,1,8
549.0,45,143734.1,9644.38,1,1,3
675.0,32,155663.31,97658.66,3,1,2
669.0,35,88327.79799999998,4918.23,3,1,7
571.0,34,11736.66,195651.66,1,1,1
5.0,37,125822.21,111697.99999999999,2,2,9
628.0,37,81343.672,17177.93,3,2,5
559.0,34,119631.86000000002,66721.98,3,2,4
769.0,27,59322.652,57876.49999999999,3,1,2
733.0,31,157791.7,177994.81,1,2,6
75.0,22,62875.43199999999,15125.65,3,2,5
583.0,42,66081.006,17439.66,3,1,4
468.0,42,181627.14,172668.39,1,2,9
727.0,57,19679.72,753.37,2,1,1
618.0,37,96652.86,98686.4,3,1,5
617.0,4,198.32,1747.92,3,2,5
793.0,41,65176.351999999984,152153.74,2,2,9
63.0,42,45145.00400000001,34338.4,3,2,9
765.0,42,148962.76,173878.87,1,2,4
546.0,28,65830.74799999999,159254.29,3,2,8
614.0,3,131344.52,54776.64,1,1,3
593.0,29,11713.84,134594.99,1,1,5
613.0,34,37853.46000000001,41724.72,2,2,3
655.0,38,60715.87199999999,11527.71,3,2,4
7.0,27,137963.7,8996.79,3,1,6
826.0,29,129938.7,192.53,2,1,4
652.0,45,151421.44,115333.43000000001,1,2,2
755.0,45,135643.0,143619.52,1,1,7
538.0,39,122773.5,58467.8,2,2,2
729.0,34,15233.8,12128.69,3,2,3
615.0,49,49482.264,49872.33,3,2,3
7.0,54,79415.67,139735.54,2,2,1
434.0,58,12581.3,6891.8,1,1,9
729.0,37,53189.318,1862.54,2,2,1
513.0,35,22177.395999999997,7664.29,3,2,8
755.0,41,14817.409999999998,12613.58,3,2,6
615.0,3,81770.58,87347.82,3,1,9
747.0,32,67495.4,7737.37,1,1,5
85.0,36,16485.54,62722.44000000001,3,1,4
712.0,49,154776.42,196257.68,1,1,5
622.0,28,143124.63,81723.8,1,1,1
548.0,35,58075.583999999995,31299.709999999995,3,1,1
67.0,27,24660.336,63495.86,3,1,2
653.0,38,12133.38,16652.96,3,1,8
699.0,26,79932.41,15242.439999999999,2,2,6
693.0,4,12711.73,27345.18,1,2,5
647.0,42,122717.52999999998,87.39,1,1,3
478.0,36,92363.3,44912.7,2,1,3
75.0,4,23715.15,179978.68,2,1,5
719.0,39,70481.66399999998,145759.7,2,2,5
726.0,34,45433.11199999999,14121.61,3,2,9
626.0,21,86016.374,66232.23,3,2,1
552.0,49,63529.498,19296.76,3,2,4
87.0,31,9346.47,172782.69,1,1,1
621.0,34,87359.40599999999,99128.13,3,2,6
651.0,24,4224.7,178341.33,1,1,7
673.0,42,16869.73,146992.24,3,1,5
652.0,36,81998.71599999999,151314.98,3,2,1
584.0,47,13538.77,92915.84,1,2,7
756.0,37,132623.6,58973.99999999999,3,2,3
67.0,35,13465.2,174627.6,3,1,3
765.0,5,126547.8,79579.94,3,1,9
528.0,3,128262.72,5771.16,3,2,2
71.0,4,169742.64,153537.55,3,2,5
797.0,29,45439.592,132975.39,3,1,3
639.0,27,15795.810000000001,8528.93,1,2,3
785.0,61,129855.72,17214.82,2,1,4
363.0,28,14698.429999999998,1615.14,2,1,6
764.0,24,91704.508,18615.99,3,1,7
676.0,42,95752.79599999999,55119.53,3,1,2
718.0,28,65643.3,2876.99,1,2,4
58.99999999999999,34,62454.14599999999,17121.44,2,1,6
584.0,38,14584.160000000002,176678.72,3,2,9
645.0,41,332655.738,28667.56,3,2,6
772.0,3,99785.28,197238.3,1,2,6
399.0,46,127655.22000000002,139994.68,1,2,2
529.0,22,53002.39399999999,151169.83,3,2,5
463.00000000000006,35,11257.16,118113.64,3,2,2
63.0,4,53491.02200000002,34453.17,3,1,7
78.0,76,121313.87999999999,64872.33,3,2,1
584.0,32,81213.17599999999,1956.82,2,2,5
752.0,3,81523.38,36885.85,1,2,4
697.0,47,128252.66,16853.4,3,1,6
85.0,32,66362.68799999998,155227.0,3,1,7
711.0,51,29087.742000000002,3849.7899999999995,3,2,7
452.00000000000006,32,86820.31599999999,75279.39,3,1,5
61.00000000000001,42,502488.492,15832.59,2,2,6
694.0,22,81540.77599999998,11525.72,3,1,4
579.0,33,40117.50000000001,94993.4,2,2,6
745.0,54,56011.795999999995,173912.29,2,1,8
572.0,33,340043.52200000006,41139.5,3,2,5
55.0,29,145541.56,5819.95,1,2,3
76.0,23,54569.89199999999,164128.41,3,1,5
693.0,44,12461.58,46998.13,1,2,5
725.0,33,115182.84,177279.41,1,1,7
791.0,37,163789.49,75832.53,3,2,2
536.0,46,65733.41,6194.53,3,2,1
699.0,47,60217.81999999999,3117.44,2,2,1
5.0,47,128486.11,179227.12,2,1,8
77.0,53,19663.47,5211.45,2,1,6
531.0,42,88324.31,75248.75,1,1,6
557.0,28,146445.24,184317.74,3,1,7
659.0,38,108884.23199999999,158553.1,3,1,3
575.0,31,61165.87799999999,95686.42,2,1,6
775.0,36,19949.5,71682.54,1,2,2
772.0,3,78653.5,179.48,2,2,4
587.0,46,1785.8200000000002,139431.0,1,2,9
667.0,39,83765.35,118358.54,1,1,4
771.0,66,143773.7,13827.88,3,1,7
523.0,63,116227.27,11944.63,1,2,6
662.0,33,13471.52,16273.0,1,2,3
717.0,42,63937.101999999984,172665.21,3,2,5
746.0,24,137492.35,17142.9,3,2,3
569.0,28,80599.232,73977.23,3,2,7
579.0,36,129829.59000000001,696.12,3,2,9
519.0,21,146329.57,194867.27,3,1,1
696.0,3,11427.7,193716.56,1,2,4
693.0,25,14658.689999999999,14633.35,1,2,6
587.0,38,132122.42,3173.32,1,1,5
626.0,44,81553.93,263.63,3,1,1
666.0,66,119405.236,99792.82,3,1,7
512.0,24,69397.29,37654.31,3,2,6
689.0,28,68556.48599999999,192449.2,2,1,3
83.0,26,61235.332,18128.47,3,1,4
548.0,32,175214.71,155165.61,1,2,5
588.0,4,125534.51,12154.18,1,1,1
693.0,68,9775.99,61569.7,3,2,4
499.00000000000006,55,126817.65000000001,123269.71,1,1,4
628.0,46,4687.43,31272.14,3,1,1
624.0,46,94009.652,62825.3,2,2,3
733.0,42,1294.93,18456.45,3,2,9
628.0,38,75489.84599999999,48924.73,3,1,3
633.0,33,108884.23199999999,191111.2,3,1,3
559.0,36,14356.94,54184.6,1,1,1
74.0,27,1474.34,64381.33000000001,1,2,5
744.0,38,7323.17,7877.86,1,2,6
665.0,4,173432.55,116766.78999999998,2,1,1
638.0,42,165679.92,32916.29,3,1,7
837.0,31,14678.62,5972.6,2,2,9
534.0,55,116973.26000000001,12266.5,3,1,8
548.0,36,88449.74399999999,65996.9,3,1,3
837.0,38,126732.85,79577.38,1,2,2
658.0,44,148481.9,13529.13,3,1,6
554.0,38,137654.5,172629.67,3,1,4
724.0,3,115315.4,15216.53,1,2,7
723.0,42,9995.73,17512.53,3,2,2
585.0,39,16561.41,131852.1,1,1,7
474.00000000000006,33,82554.61,181945.52,3,2,5
562.0,32,161628.66,91482.5,2,2,6
719.0,32,14665.270000000002,77119.45,3,2,9
635.0,37,113488.68,95611.74,1,2,5
743.0,42,772.2,8428.42,3,2,7
427.00000000000006,67,77795.572,163714.92,2,2,7
521.0,39,99466.67799999999,27375.15,3,1,6
741.0,25,59177.992,73873.65,2,2,4
79.0,46,182364.53,139266.48,2,2,8
622.0,35,65830.74799999999,131772.51,3,2,8
669.0,45,149364.58,173454.7,3,2,7
583.0,59,12745.14,67552.71,3,2,7
52.0,63,162278.32,34765.33,2,1,5
579.0,37,152212.88,12219.14,2,2,5
698.0,39,161993.89,9212.38,2,1,9
548.0,39,131468.44,164975.82,2,2,7
672.0,4,1298.44,1285.81,1,2,1
653.0,31,143321.97,83679.46,1,2,9
734.0,37,1344.92,34548.74,2,1,2
794.0,41,133486.13799999998,74275.8,3,1,7
641.0,3,8755.47,7278.570000000001,3,2,2
824.0,3,133634.2,16253.919999999998,3,2,6
534.0,33,151233.62,199336.63,2,1,3
653.0,55,7263.829999999999,62347.70999999999,2,2,2
498.0,34,92283.41999999998,91711.66,3,2,5
683.0,3,57657.49,7924.9,3,2,1
618.0,42,153572.31,76679.6,1,2,6
538.0,37,134752.8,162511.55,3,2,1
643.0,34,83132.9,2136.88,2,2,3
428.0,31,139186.214,54487.43,3,1,2
593.0,32,13496.53,53931.5,1,1,9
718.0,31,1181.59,13165.15,3,1,4
811.0,52,76915.4,146359.81,1,2,1
823.0,46,81576.75,2837.95,2,1,3
645.0,49,62142.99999999999,123.15,2,2,2
71.0,33,118327.17,192928.82,3,2,1
591.0,3,124857.69,5485.7,2,2,8
748.0,27,9971.85,131662.47,1,1,2
85.0,37,153147.75,152235.3,3,1,7
542.0,38,65942.26,6893.23,3,2,8
89.0,38,71778.16199999998,861.31,3,2,3
675.0,54,58338.352,149583.67,3,2,2
67.0,27,1912.1900000000003,7631.27,2,1,5
85.0,31,61235.332,3382.81,3,1,4
789.0,37,74070.128,121883.87,3,2,3
598.0,42,59938.759999999995,1722.72,3,1,5
756.0,41,124439.48999999999,4793.11,1,2,2
687.0,47,121526.61,177624.1,3,1,7
724.0,4,124535.884,16149.479999999998,3,2,6
7.0,44,58781.76000000001,16874.92,3,1,2
635.0,5,159453.64,5456.79,2,2,7
687.0,26,142721.52,15365.75,1,2,2
613.0,46,167795.6,4439.38,3,1,8
781.0,38,128345.69,63218.850000000006,3,1,3
73.0,2,16526.98,41626.78,2,2,3
593.0,62,118233.81,24765.53,1,1,3
743.0,4,75954.47399999999,2828.8,3,1,6
64.0,46,266594.002,8943.19,2,1,8
848.9999999999999,37,143452.74,17294.12,1,2,7
778.0,38,14518.49,12672.41,3,2,3
539.0,38,8247.51,13123.41,1,1,8
489.0,28,7946.9800000000005,167973.63,1,2,1
568.0,42,127119.82400000002,12587.79,2,1,9
618.0,38,126473.99,91972.49,2,2,5
71.0,3,133537.1,155593.74,1,1,1
625.0,52,164978.1,67788.49,3,2,5
682.0,46,12829.72,62615.35,2,2,7
727.0,42,9743.18,17415.2,2,2,2
794.0,41,176845.41,166526.26,3,1,7
652.0,71,79254.25799999999,1217.1,2,2,4
67.0,42,81589.4,188227.8,2,2,3
46.0,4,11957.58,9156.63,1,1,6
568.0,26,85093.48999999999,166495.2,2,1,6
643.0,3,94443.77,165614.4,3,2,5
521.0,37,47959.288,86372.24,3,2,2
615.0,32,92199.84,2755.53,3,2,7
575.0,42,93652.00599999998,83594.51,2,2,3
717.0,41,135756.96,1376.41,3,1,3
648.0,54,12633.42,5924.38,3,1,9
535.0,48,134542.73,5823.67,1,2,5
626.0,29,36899.554,49361.84,2,2,7
611.0,52,36877.85,73585.18,2,2,7
734.0,39,65155.67600000001,95135.27,2,2,6
79.0,49,154344.49,38794.57,3,2,4
591.0,42,54470.622,198926.36,3,2,3
664.0,42,18926.53,5699.86,3,2,9
431.0,37,12764.8,11723.8,3,2,6
647.0,22,97975.82,6283.0,1,1,3
578.0,32,107104.45199999999,141822.8,3,2,4
555.0,41,11327.2,185387.14,1,2,1
775.0,3,59357.223999999995,57461.13,2,2,4
85.0,39,124548.99,1238.12,1,2,3
625.0,42,21696.7,1332.9,3,2,8
645.0,37,70140.62399999998,13589.93,2,1,7
68.0,44,11423.47,7783.36,1,2,7
689.0,31,101347.798,13661.2,2,1,4
652.0,5,125437.64,1716.94,1,2,8
769.0,26,122850.982,176843.53,3,1,7
611.0,42,64897.75,114996.33,3,1,8
489.0,38,22177.395999999997,19699.79,3,2,8
528.0,46,135555.66,133146.3,1,1,9
632.0,44,17764.75,185667.72,3,2,3
429.0,27,11737.44,242.48999999999998,3,1,6
457.0,41,737.12,18575.2,3,2,5
768.0,44,663.4,17845.97,2,1,6
715.0,35,4169.88,199857.47,2,1,4
668.0,32,9241.87,43595.9,1,1,1
625.0,26,13483.95,12281.53,1,2,3
846.0,41,54692.147999999994,344.47,3,1,5
661.0,42,91377.94399999997,35989.41,2,1,3
571.0,23,15197.28,17163.75,3,1,1
582.0,46,67563.31,4456.9,2,1,8
716.0,35,11288.18,17848.3,3,1,8
758.0,42,108866.05599999998,7629.56,3,1,7
725.0,66,86459.8,141476.56,3,2,4
63.0,4,118633.80000000002,632.46,3,1,5
627.0,55,159441.27,1686.11,3,1,2
653.0,27,74378.69,96429.29,3,1,9
775.0,38,125212.64999999998,15795.88,1,1,4
794.0,45,88656.37,116547.31000000001,2,2,8
831.0,32,14633.62,19126.74,3,1,2
561.0,29,12268.13,17387.39,3,2,9
75.0,46,44387.094000000005,117273.34999999999,2,2,7
636.0,33,59212.392,92277.47,2,1,5
487.0,46,1357.58,44244.49,1,1,4
693.0,38,116855.17800000001,78133.48,3,1,3
517.0,29,106553.25999999998,1342.88,2,1,5
684.0,27,12255.5,137835.82,3,1,9
62.0,42,70583.614,267.1,2,1,2
757.0,29,1336.49,77469.38,3,2,8
739.0,27,35671.01,57572.38,3,1,6
662.0,41,935.7700000000001,75884.65,2,1,4
359.0,44,128747.68999999999,146955.71,3,1,6
572.0,23,126873.51999999999,674.12,2,2,2
721.0,69,18424.19,178418.35,3,2,2
77.0,32,45145.00400000001,387.2,3,2,9
443.99999999999994,4,8435.7,143835.76,3,1,5
523.0,73,153180.906,13883.9,3,1,7
685.0,3,84958.6,194343.72,1,1,4
673.0,29,9997.36,9796.69,1,1,4
53.00000000000001,3,136622.55,4731.24,1,2,1
485.0,3,156771.68,141148.21,1,1,5
799.0,28,167658.33,111138.25,1,2,7
585.0,33,56011.796,114182.7,2,1,8
67.0,24,19483.54,12756.77,1,1,2
521.0,4,13454.78,1882.6000000000001,1,1,9
535.0,44,114427.86000000002,13633.26,3,1,2
724.0,45,83888.54,34121.81,2,2,5
52.0,32,1129.77,56246.69000000001,1,2,5
696.0,41,127523.74999999999,191417.42,2,2,9
657.0,3,139762.13,23317.88,1,2,1
63.0,42,91611.12,144675.3,2,1,8
726.0,42,19471.79,175161.5,3,1,2
591.0,39,155.64,14928.8,3,1,4
792.0,59,1169.77,161479.19,1,1,9
55.0,57,75925.45199999999,13351.94,3,2,5
61.00000000000001,26,78892.23,2373.52,3,1,8
82.0,29,82344.84,115985.38,3,1,3
667.0,48,72392.29799999998,43229.2,3,2,2
573.0,44,40572.758,94862.93,2,1,4
755.0,62,12776.33,142377.69,3,2,1
552.0,41,124349.34000000001,135635.25,3,1,9
598.0,44,60044.17999999999,148487.9,2,2,8
576.0,28,119336.29,58976.84999999999,1,2,1
67.0,31,52168.54800000001,76254.83,3,1,9
54.0,56,14217.3,55857.48,1,2,9
778.0,65,150618.752,77867.23,3,1,7
558.0,39,144757.2,22878.16,1,2,1
627.0,44,81730.606,114469.55000000002,2,2,6
683.0,42,61297.54599999999,96754.8,3,2,8
556.0,42,51443.522000000004,125154.57,3,1,6
583.0,38,60828.08,113597.64,3,1,1
75.0,24,1169.51,12148.55,3,1,7
637.0,33,145731.83,19219.43,3,2,2
697.0,56,1182.3,523.31,2,2,5
555.0,46,12392.99,177719.88,1,1,4
594.0,26,13567.52,131211.86,1,1,6
632.0,31,136556.44,82152.83,2,2,3
551.0,38,72921.51,216.27,3,1,1
687.0,35,99587.43,1713.1,3,1,3
672.0,53,150618.752,13691.18,3,1,7
521.0,34,7731.700000000001,2243.97,2,1,7
686.0,35,19342.82,8643.27,1,2,2
639.0,28,60407.79,126561.7,2,2,8
85.0,66,58357.31199999998,6435.8,3,2,4
465.0,25,78247.31,1472.31,3,2,2
817.0,55,117561.48999999999,95941.55,3,1,1
578.0,23,8898.32,125222.36,3,2,1
611.0,34,69702.534,1795.58,2,2,4
616.0,41,1356.57,236.45000000000002,1,1,1
517.0,37,11338.84,31517.16,3,2,5
637.0,4,66279.02999999998,18161.6,2,1,6
86.0,32,63763.48999999999,156593.9,3,1,3
633.0,29,169988.35,4272.0,3,1,7
624.0,35,1833.2400000000002,163587.9,1,1,4
691.0,52,54470.622,175843.68,3,2,3
819.0,49,12656.86,166164.3,1,1,1
568.0,31,61592.14,61796.64,1,1,1
86.0,48,16471.68,21439.49,3,2,4
726.0,26,878.16,19225.85,2,1,1
552.0,36,62036.71,132547.2,3,2,8
755.0,3,154221.37,62688.55,1,1,6
634.0,26,76385.042,2176.96,3,2,8
756.0,26,11641.14,15446.680000000002,3,1,5
776.0,37,39293.189999999995,865.0,3,2,2
649.0,45,92786.66,173365.9,3,1,5
595.0,32,13181.66,69428.79,1,2,8
646.0,42,9814.74,12757.14,3,2,5
592.0,38,32523.54800000001,18426.2,2,2,8
574.0,26,9746.1,4393.67,3,2,8
85.0,36,1477.19,68594.0,3,2,1
85.0,29,75993.35399999998,197996.65,2,1,1
475.0,46,46887.702000000005,122953.00000000001,3,1,1
642.0,39,67598.398,76821.24,3,1,4
71.0,51,93656.95,1414.51,2,1,4
596.0,30,121345.87999999999,41921.75,2,2,6
69.0,39,141675.23,175664.25,3,1,8
797.0,31,51808.96,117916.63,2,1,8
54.0,42,12365.49,19469.77,1,1,7
735.0,5,87525.59599999999,166677.35,2,2,9
68.0,3,63095.306,16131.58,2,1,3
449.00000000000006,52,40476.022000000004,123621.99999999999,3,2,6
685.0,57,11868.51,113483.96,1,2,7
569.0,38,6616.264,79618.79,2,2,8
631.0,35,112392.45,24472.23,3,2,9
595.0,25,1657.34,17725.79,1,1,7
460.99999999999994,28,108728.48199999999,13349.74,3,1,8
63.0,5,81947.76,6366.22,3,2,1
661.0,31,144162.3,1449.79,3,1,7
796.0,39,8635.87,158.53,1,2,5
71.0,47,158623.14,83499.89,3,2,5
741.0,32,65830.74799999999,143598.7,3,2,8
66.0,48,13243.56,3691.91,1,2,4
747.0,27,111028.094,137.89,3,2,1
549.0,42,134985.66,611.41,1,1,3
576.0,36,81109.27799999999,48314.0,3,2,6
528.0,37,13772.45,197111.99,3,2,6
535.0,33,1334.32,11299.78,3,2,2
575.0,37,51999.716,3114.32,2,1,4
656.0,39,31360.615999999998,98894.64,3,2,1
44.0,42,97401.892,49826.68,3,2,2
539.0,38,7146.67,174.5,2,2,8
559.8,39,133214.13,2769.88,2,2,6
646.0,37,96558.66,163427.18,3,1,7
744.0,54,9386.31,1468.77,3,2,6
71.0,36,266594.002,8326.19,2,1,8
423.8,64,12443.8,11142.97,3,1,3
723.0,52,131694.97,92873.5,1,2,5
57.0,29,62454.14599999999,9478.9,2,1,6
787.0,35,16266.8,1667.15,3,1,1
598.0,41,60044.17999999999,161954.43,2,2,8
796.0,51,28478.29600000001,194733.28,3,2,6
569.0,41,13984.360000000002,163524.7,2,1,4
711.0,34,412951.06200000003,4826.19,3,2,8
661.0,35,12498.54,86678.48,1,2,8
415.0,32,14587.59,364.65,3,2,5
578.0,23,54510.718,112124.98,2,2,8
611.0,26,1758.9300000000003,1281.65,3,1,2
6.0,28,60073.605999999985,52193.23,3,1,6
661.0,32,14598.23,56636.28,1,1,1
85.0,37,212778.2,69372.88,3,1,3
573.0,47,152522.47,16438.7,1,1,4
764.0,33,168964.77,118982.51,2,1,9
838.0,34,15264.029999999999,27472.7,3,1,8
821.0,28,32512.006,36754.13,3,1,8
67.0,36,98266.3,46416.36,2,1,4
558.0,38,113.91999999999999,152872.39,3,2,8
53.00000000000001,23,1376.88,165227.23,1,2,1
654.0,37,112146.12,75927.35,1,2,5
53.00000000000001,33,12937.32,17293.28,3,1,4
656.0,69,163975.9,3618.5,2,2,6
52.0,42,69114.518,3622.74,2,2,7
62.0,42,158414.85,131886.46,1,1,6
71.0,48,9272.68,133992.36,1,1,1
653.0,3,88243.29,96658.26,2,1,2
668.0,25,60407.79,135112.9,2,2,8
652.0,48,59486.31,163944.18,3,2,4
639.0,54,82745.366,53843.71,2,1,2
73.0,52,95655.054,122398.83999999998,2,1,7
78.0,34,73347.36199999998,6484.4,3,2,1
592.0,38,119278.10000000002,1937.7300000000002,3,1,8
628.0,34,158741.43,126192.54,3,2,4
658.0,4,14596.95,135459.2,3,1,7
85.0,29,45007.526000000005,94815.4,2,1,1
515.0,37,9432.92,188366.4,1,2,2
571.0,35,14783.81,178512.52,3,1,1
76.0,42,77992.97,9796.38,1,2,4
72.0,42,11822.9,72861.94,1,1,1
632.0,42,119624.60000000002,195978.86,1,2,4
694.0,31,1952.5900000000001,19448.93,1,2,6
559.0,4,139129.44,32635.54,2,1,5
773.0,42,152324.66,171733.22,1,1,8
581.0,38,109759.20799999998,46176.22,3,2,1
524.0,37,12748.58,179634.69,1,1,9
713.0,53,11529.4,191521.32,3,2,6
676.0,4,1145.78,67998.45,3,2,8
651.0,42,116646.76,44731.8,1,1,1
717.0,49,11864.38,124532.90000000001,2,1,1
594.0,23,156267.59,16968.44,3,2,5
716.0,44,19528.28,27341.63,3,1,3
668.0,35,12482.76,53994.64,3,1,6
678.0,23,115563.70999999999,91633.53,1,2,1
545.0,23,12787.200000000003,189613.12,3,2,2
613.0,4,95624.36,676.33,3,1,9
687.0,21,43967.18000000001,154767.34,2,1,8
715.0,28,16376.61,196853.11,3,2,7
618.0,41,3772.79,195775.48,1,2,8
721.0,35,118273.83,386.89,3,1,6
445.0,34,13182.17,7617.999999999999,1,1,7
69.0,38,94456.0,5534.2,3,2,1
79.0,42,27763.079999999994,16835.62,3,1,8
671.0,42,76758.39799999999,128449.33000000002,2,1,3
538.0,33,93791.38,199249.29,3,2,6
735.0,33,35832.03600000001,149474.69,3,1,4
592.0,37,62446.16,126726.33,3,1,7
747.0,61,155973.13,147554.26,3,2,7
675.0,36,8949.95,149399.7,1,2,7
632.0,39,97854.37,93536.38,2,1,5
621.0,39,117823.088,58883.91000000001,3,2,6
521.0,29,628.62,154271.41,2,2,3
591.0,36,135216.8,12222.89,2,2,7
76.0,28,124923.35,5299.14,1,1,6
677.0,38,60715.87199999999,1878.63,3,2,4
769.0,27,188614.7,171344.9,1,2,7
771.0,32,62321.62,492.59,3,2,5
61.00000000000001,48,12782.7,6394.68,1,1,8
67.0,42,115961.58,29483.870000000003,3,1,1
517.0,28,11562.61,17956.23,3,2,2
834.0,49,1662.25,129273.93999999999,3,1,8
571.0,42,18825.34,55558.51,3,1,4
576.0,36,166287.85,2335.85,1,1,8
718.0,31,152663.77,17128.64,3,1,1
636.0,31,8844.69,74641.9,1,1,9
566.0,4,971.36,154486.1,1,1,2
711.0,64,34773.77,3185.67,3,2,4
574.0,39,122524.60999999999,88463.63,3,1,2
619.0,35,132292.63,65682.93,3,1,8
588.0,24,41096.532,14586.8,3,1,3
76.0,49,9152.99,117232.9,1,1,9
665.0,52,76973.45999999999,116137.09999999999,3,2,3
739.0,29,59385.98,15533.96,1,2,3
641.0,77,108845.28399999996,81514.6,3,2,9
685.0,21,97956.5,164966.27,1,1,6
594.0,49,42972.952,23631.55,3,1,4
557.0,4,114738.21800000002,15433.529999999999,2,1,4
697.0,27,141223.68,9591.15,3,2,8
656.0,18,151762.74,12714.32,3,2,1
712.0,42,141749.74,995.26,1,2,1
689.0,38,7575.14,8651.92,2,2,5
697.0,25,165686.11,15467.98,3,1,4
589.0,38,48400.632,79915.28,3,2,2
525.0,25,27038.469999999998,69361.95,2,1,1
68.0,44,81816.43599999999,86935.8,3,2,3
617.0,28,86706.85199999998,7597.83,3,1,3
68.0,32,92961.61,116957.59999999999,3,2,5
662.0,3,81111.238,157884.83,2,1,9
736.0,46,13812.91,77981.54,1,2,5
657.0,57,17174.58,126369.55000000002,1,2,8
35.0,54,152677.48,191973.49,2,2,1
617.0,3,1325.77,14294.390000000001,3,2,3
562.0,35,68651.78799999999,48869.67,3,2,7
75.0,23,85467.17799999999,73131.73,2,1,5
516.0,33,12735.5,1237.36,3,1,7
573.0,37,51443.522,193995.37,3,1,6
538.0,31,61079.70399999998,179453.66,2,1,5
699.0,39,26739.927999999996,8963.92,3,2,9
54.0,32,17291.22,15658.99,1,2,8
583.0,47,12562.23,9278.1,2,2,5
712.0,53,11161.1,26542.17,2,2,2
626.0,62,82169.70599999999,651.74,2,2,3
631.0,34,124379.14,16892.91,3,1,4
663.0,37,118573.00000000001,18521.63,3,1,7
56.0,41,57745.76,435.4599999999999,1,1,3
57.0,5,129293.74,17785.44,1,1,5
73.0,45,25845.948000000004,68831.72,3,1,7
698.0,4,15777.1,114732.62000000001,1,1,8
731.0,41,90395.28799999999,22299.27,2,2,4
625.0,34,29410.83600000001,197283.2,3,2,6
634.0,31,18632.48,179485.96,2,2,9
616.0,59,153861.1,17699.48,3,2,5
5.0,56,1374.58,11849.8,3,2,1
446.0,32,62036.71,133292.94,3,2,8
669.0,47,61196.54,5817.24,3,1,9
581.0,31,116891.72,17137.3,1,2,6
74.0,54,133656.91,14571.33,1,1,6
748.0,44,92911.52,85495.24,3,2,2
68.0,31,119825.75,11139.3,2,1,9
655.0,37,111852.84,1511.13,3,1,7
69.0,32,16683.52,137916.49,1,2,6
695.0,4,13922.24,193383.13,1,2,7
7.0,4,148571.7,189826.96,1,1,4
773.0,52,79176.22399999999,144113.42,3,2,4
749.0,42,129776.72,143538.51,3,2,1
611.0,46,117610.698,77677.14,3,1,5
66.0,46,129165.898,183717.94,2,1,8
554.0,24,103780.16399999999,9218.62,3,2,1
567.0,37,112058.114,2869.9,3,1,7
559.0,24,114739.92,85891.2,2,2,3
594.0,41,122545.65000000001,425.24,1,2,2
513.0,37,72117.78599999998,11142.34,3,1,6
652.0,26,13198.35,179269.79,1,1,1
68.0,42,15722.69,9558.24,1,1,7
784.0,33,55720.722,16222.47,2,2,1
812.0,44,92787.66799999998,66926.83,2,1,8
784.0,40,95938.86199999998,18891.3,2,1,8
57.0,18,82767.42,71811.9,3,1,4
712.0,42,87842.98,92223.59,3,1,1
75.0,39,133261.13,7865.9,2,2,6
681.0,32,77840.916,59679.9,2,1,3
62.0,41,97925.11,85.32,3,2,2
711.0,52,102436.33999999998,15988.950000000003,3,2,5
613.0,24,14453.91,1291.3,3,1,7
613.0,42,117356.19,113557.70000000001,1,1,4
682.0,36,70481.66399999998,147758.51,2,2,5
85.0,37,13724.77,28865.590000000004,2,2,4
61.00000000000001,41,55802.95,1667.6,3,1,1
595.0,35,58690.25,115.78999999999999,2,2,8
675.0,36,5498.18,54478.52,2,2,3
591.0,31,60407.79,141677.33,2,2,8
62.0,23,113758.48,8477.6,3,2,7
554.0,34,98750.71399999999,16981.3,2,1,8
541.0,37,118636.92000000001,73551.44,3,2,9
56.0,34,83587.52,115842.10000000002,3,2,7
814.0,44,95488.82,1713.59,1,2,8
683.0,3,11829.52,24938.84,3,2,8
485.0,51,144244.59,51113.14,1,2,7
696.0,31,12221.92,33828.64,1,1,8
68.0,3,66223.374,128875.85999999999,3,1,8
792.0,5,75191.92599999999,1947.81,3,2,9
686.0,22,54756.816000000006,158974.45,2,2,5
79.0,42,85839.62,198182.73,1,2,1
654.0,29,96974.97,14144.7,3,1,4
452.00000000000006,35,148172.44,4175.68,3,2,4
719.0,38,96988.55199999998,126876.47000000002,2,2,5
77.0,4,93720.592,4152.82,3,1,5
699.0,49,90499.50799999999,1576.1,3,1,2
85.0,3,97779.314,27937.12,2,2,2
828.0,28,134766.85,79355.87,2,2,8
85.0,3,12321.56,1218.27,1,2,5
712.0,47,139887.1,95719.73,2,2,1
634.0,44,149961.11,57121.51,3,2,9
73.0,45,15288.969999999998,162478.11,1,2,6
685.0,42,18589.47,19488.51,1,2,9
89.0,33,84227.848,12445.65,2,2,9
77.0,35,56674.48000000001,17987.4,2,1,3
648.0,32,60407.79,133653.38,2,2,8
76.0,57,44546.384,2511.17,2,1,1
85.0,33,15663.56,3333.89,1,1,3
585.0,39,112058.114,241.26000000000002,3,1,7
595.0,3,1683.54,178361.4,2,1,5
63.0,42,369073.508,162697.93,3,2,6
627.0,29,139541.58,867.33,1,2,5
631.0,37,12181.72,23146.62,1,1,2
776.0,38,112281.69999999998,89893.6,1,2,5
676.0,36,66838.826,3173.31,2,1,4
758.0,4,93499.82,123218.81,2,1,5
637.0,33,132255.99,74588.41,3,2,8
85.0,2,113274.59,31288.769999999997,3,2,7
61.00000000000001,44,343671.806,58561.310000000005,2,1,4
735.0,49,121973.28000000001,14884.359999999999,3,2,5
614.0,32,99462.8,51117.6,1,2,7
672.0,21,165878.76,164537.17,1,1,3
642.0,3,117494.27,61977.82,3,2,8
633.0,29,138577.34,193362.99,1,1,3
769.0,39,31429.836000000007,47722.79,2,2,9
796.0,41,17525.7,1851.4100000000003,2,2,8
715.0,23,139224.92,6557.71,3,2,7
695.0,42,121453.63,46374.64,3,1,7
747.0,25,81540.77599999998,4239.67,3,1,4
584.0,54,77354.37,138192.98,1,1,1
476.0,4,67574.366,22735.45,3,2,6
85.0,39,79259.99,18691.74,3,1,7
529.0,3,116295.29,75285.47,3,2,2
584.0,59,61478.846,1326.11,2,1,1
586.0,34,7439.810000000001,1534.93,1,2,9
674.0,34,152797.9,17579.4,1,2,2
552.0,42,13371.7,1169.71,3,2,9
61.00000000000001,33,11443.18,15312.13,1,1,7
541.0,29,12754.57,86173.92,3,2,7
744.0,41,84113.41,197548.63,1,1,2
595.0,23,11126.66,3742.8,2,1,1
724.0,33,13564.83,12185.72,1,2,5
533.0,52,92045.19,194113.99,2,1,7
618.0,37,168178.21,11273.23,3,2,2
523.0,39,14393.109999999999,118711.75000000001,1,1,1
642.0,3,129753.69,582.53,1,1,5
584.0,35,87786.72999999998,192381.21,3,2,9
521.0,38,11641.18,13657.69,3,2,5
662.0,36,16699.2,138871.12,3,1,4
758.0,34,154139.45,6728.89,3,1,1
717.0,38,97459.6,189175.71,3,2,7
611.0,4,101480.142,12547.56,3,2,1
766.0,42,11288.4,3676.56,1,2,6
636.0,34,75489.84599999998,44756.25,3,1,3
814.0,48,145730.326,13287.15,3,1,7
76.0,28,14138.57,16287.379999999997,2,2,1
67.0,39,84468.67,121945.42,1,2,2
725.0,36,11852.26,131173.9,2,1,4
6.0,37,142663.46,88669.89,3,2,1
656.0,27,118627.16,16835.3,1,2,4
64.0,34,137523.2,24761.36,2,2,1
439.0,28,11976.23,138526.96,3,2,7
549.0,38,17283.4,157442.75,3,1,8
622.0,38,318414.978,15295.770000000002,3,2,5
715.0,34,124314.45,97782.92,3,2,4
657.0,41,95858.37,68255.88,3,1,5
73.0,36,70331.556,1879.9500000000003,3,2,2
82.0,33,95150.55999999998,14376.179999999998,3,2,8
793.0,36,92444.18,148993.47,2,1,6
554.0,35,11777.18,95277.15,3,1,6
533.0,38,135289.33,152956.33,2,2,1
658.0,36,1746.46,94925.62,3,2,8
713.0,4,114446.84,8738.18,1,2,3
711.0,37,31951.504000000004,83978.86,2,2,2
669.0,25,157848.53,37543.93,3,2,1
439.0,42,108267.51399999998,14889.3,3,1,8
763.0,37,35946.632,14975.250000000002,2,1,6
697.0,74,1871.3600000000004,16445.79,1,1,3
72.0,35,14262.8,54689.16,2,1,8
686.0,41,12749.72,194913.86,2,2,7
629.0,36,161757.87,146371.72,2,2,1
823.0,38,101903.85399999999,15663.699999999999,3,2,1
683.0,35,95698.79,182566.76,1,1,5
555.0,37,124969.13000000002,6194.5,3,2,9
647.0,44,9396.35,36579.53,1,2,4
714.0,51,8838.87,5862.53,3,1,4
85.0,39,19668.564,1433.9,2,1,1
713.0,59,66298.08599999998,627.8,3,1,3
452.00000000000006,3,112935.87,9917.34,3,2,7
683.0,24,98567.1,187987.1,2,1,8
577.0,26,1853.5100000000004,123454.61999999998,3,1,1
552.0,33,14931.57,1921.5000000000002,3,2,5
769.0,31,148913.72,53817.23,1,1,7
691.0,38,77439.09199999999,81617.4,3,2,7
818.0,49,82315.87999999998,192298.84,3,1,2
739.0,41,53577.28999999999,143882.25,3,2,5
639.0,5,115335.31999999999,5313.41,3,1,6
651.0,65,80390.516,19454.4,3,1,2
779.0,26,47189.613999999994,11196.0,3,1,4
85.0,33,134678.13,113177.95,1,1,7
829.0,38,26739.928,3529.88,3,2,9
579.0,31,9547.48,188.13,1,2,2
51.0,32,13324.78,46127.7,3,2,9
531.0,29,11459.58,75585.48,3,2,3
628.0,36,91286.51,6385.94,1,1,3
633.0,32,16334.12,74415.2,2,2,5
714.0,45,159.29,139889.15,2,2,8
64.0,23,124577.33000000002,7267.250000000001,2,2,9
63.0,35,77917.13799999999,186826.22,2,2,1
85.0,31,91292.7,162149.7,2,1,4
788.0,57,93716.72,1815.49,1,1,8
798.0,37,111723.8,83478.12,3,1,4
77.0,45,11765.68,26163.74,1,2,4
569.0,25,173459.45,44381.6,1,2,9
425.0,22,169649.73,136365.0,2,1,7
547.0,31,161721.714,99294.22,2,1,9
725.0,45,116917.69999999998,173464.43,1,2,8
56.0,37,123060.32,127543.81,3,2,5
632.0,36,132804.062,52526.65,3,1,7
62.0,22,348738.99,32589.450000000004,3,2,6
663.0,32,13627.66,47161.25,1,2,8
7.0,46,5658.95,45424.13,2,1,5
696.0,38,142316.14,818.49,1,2,6
767.0,31,85205.486,195668.0,2,2,6
561.0,56,152759.0,133167.11,3,2,7
35.0,39,19733.2,12362.11,1,2,4
76.0,54,117444.51,186238.85,3,2,9
464.0,34,761.57,158668.87,2,1,5
51.0,34,17747.57,9249.36,3,1,3
745.0,35,51808.96,116581.1,2,1,8
587.0,36,134997.49,44688.8,3,1,1
667.0,48,94889.03799999999,14868.389999999998,3,1,2
737.0,36,45433.112,18867.9,3,2,9
485.0,3,83531.044,1767.3700000000001,2,1,7
58.99999999999999,37,64345.21,61759.33,2,1,4
518.0,35,141665.63,192776.64,1,1,8
581.0,29,98750.71399999999,46735.19,2,1,8
785.0,33,136624.6,169117.74,1,1,5
799.0,52,16129.659999999998,8981.41,3,1,4
698.0,38,951.9200000000001,15227.859999999999,2,2,1
73.0,41,167545.32,128246.81,3,1,4
74.0,36,1944.6,94554.74,1,1,4
785.0,47,12231.55,33823.5,3,1,9
527.0,29,27755.97,97468.44,2,1,2
544.0,29,11856.55,164137.36,3,1,1
75.0,61,90889.27999999998,191313.7,3,2,4
684.0,34,84751.44799999999,65257.56999999999,3,2,9
639.0,28,9784.72,178222.77,2,1,8
565.0,38,158651.29,179445.28,1,1,2
481.0,44,17533.6,655.53,3,2,9
731.0,25,9695.21,97877.92,2,2,8
67.0,45,123859.60000000002,11351.57,3,2,7
76.0,32,26042.378000000004,15969.500000000002,3,1,7
559.0,6,61333.19399999999,122996.76000000001,3,1,9
715.0,33,85227.84,6887.15,3,1,3
656.0,36,97786.8,21478.36,3,2,8
652.0,33,128135.99,158437.73,1,2,7
624.0,33,62899.056,76551.7,2,2,6
634.0,36,85996.19,15887.68,2,2,2
85.0,5,22292.358,33741.84,2,1,1
659.0,39,1452.11,2652.69,1,1,1
529.0,35,95772.97,112781.5,2,2,5
572.0,31,9818.79,119996.95,2,2,5
64.0,39,13167.28,6981.43,1,2,9
77.0,55,63127.41000000001,185211.28,2,2,9
648.0,35,5946.816000000001,78436.36,2,2,7
579.0,31,84147.65799999998,13948.0,3,2,9
589.0,36,14355.56,136329.96,1,1,9
53.00000000000001,36,70583.614,14721.800000000001,2,1,2
831.0,3,75618.082,343.38,3,2,2
79.0,24,17418.27,1645.21,1,2,7
656.0,35,85074.74999999999,1485.27,3,2,6
563.0,32,122456.39,1972.8,2,2,6
667.0,39,167557.12,41183.2,2,2,7
613.0,34,1173.2,13941.8,2,2,8
429.0,6,60139.898,163691.48,3,2,7
665.0,23,143672.9,115147.33,3,1,9
731.0,33,137892.66199999998,74945.11,3,2,4
584.0,37,71688.44799999999,18363.56,3,1,1
634.0,31,76798.92,19621.73,1,1,8
488.00000000000006,34,49837.32399999999,125979.36,3,2,3
535.0,49,11539.75,111421.77000000002,2,1,7
776.0,29,178171.4,115818.51000000001,3,1,7
85.0,38,63095.306,17936.76,2,1,3
673.0,37,98266.426,82351.6,2,1,4
85.0,45,127258.79,192744.23,1,1,5
627.0,3,66279.03,11348.47,2,1,6
57.0,33,66930.32399999998,124641.42,3,1,8
796.0,67,55231.87,54871.2,2,2,5
773.0,33,35367.424,9882.9,2,1,1
752.0,36,78214.298,4557.84,2,2,2
625.0,69,17569.96,182336.45,2,1,1
535.0,2,134874.4,118825.56,1,2,9
786.0,29,89233.46199999998,13372.79,3,1,4
62.0,67,94094.892,43486.73,3,1,3
65.0,48,62454.14599999999,462.99,2,1,6
67.0,32,72216.606,46175.7,2,1,3
617.0,42,715.87,1283.73,2,2,7
595.0,41,61128.622,5967.9,3,2,9
687.0,29,78939.15,122134.56,1,1,4
757.0,3,15128.85,62972.12999999999,1,2,6
746.0,31,113836.27,174815.54,2,2,2
53.00000000000001,25,46702.818000000014,192841.13,2,2,7
543.0,48,19.5,3331.72,1,2,1
428.0,4,129248.11,72876.43,1,1,3
768.0,28,19118.5,5911.41,3,1,3
618.0,56,48753.340000000004,1424.27,3,2,7
591.0,31,129855.38399999999,48778.46,3,1,7
658.0,35,126397.66000000002,156361.58,3,1,5
625.0,36,18546.16,13387.77,3,2,9
717.0,36,14861.89,179128.69,3,2,2
667.0,44,122277.87,9181.71,3,2,8
84.0,24,83643.594,173195.33,3,2,3
693.0,31,111028.09399999997,18227.88,3,2,1
414.19999999999993,36,152899.24,17713.33,1,2,8
515.6,54,134388.11,49954.79,1,2,3
632.0,4,1974.6200000000001,141896.74,2,1,3
536.0,23,92366.72,12661.71,1,2,6
573.0,26,12919.2,149814.68,3,1,4
655.0,56,98298.24599999998,41782.7,2,1,5
666.0,74,1512.5,46172.47,1,2,7
726.0,3,111375.32,274.9,1,2,5
523.0,39,8502.01,6726.53,3,2,3
728.0,33,15412.140000000001,17764.8,1,1,9
71.0,3,15666.719999999998,45742.42,3,2,3
518.0,38,9957.81,16234.59,3,2,3
739.0,37,1496.46,8883.82,3,2,7
531.0,31,11752.82,11858.9,1,1,7
452.00000000000006,44,88915.85,69697.74,2,2,3
684.0,45,14871.39,183575.1,3,2,6
728.0,39,152182.83,16123.6,1,2,6
783.0,39,65176.352,143752.77,2,2,9
734.0,22,1356.23,121894.31,3,2,5
648.0,34,9539.73,14755.87,1,2,3
688.0,52,83949.268,17233.57,3,2,1
68.0,35,81081.064,143774.6,2,2,9
516.0,42,112773.72999999998,139366.58,3,1,2
68.0,37,12386.28,81776.84,3,1,1
64.0,53,144453.75,19998.96,3,2,8
624.0,27,94667.29,447.52,1,2,9
623.0,21,49612.56,135851.3,3,2,1
624.0,51,174397.21,172372.63,2,2,5
565.0,58,18888.24,135875.51,1,1,3
565.0,55,11883.35,128124.70000000001,3,2,4
71.0,54,171137.62,16723.95,3,2,6
645.0,42,118637.45400000001,14987.100000000002,3,2,6
77.0,33,136678.52,5429.62,3,2,8
655.0,36,135515.76,8613.96,2,1,1
75.0,24,177799.83,79886.6,2,1,5
358.0,52,143542.36,141959.11,2,1,8
578.0,34,147487.23,6668.77,1,2,8
8.0,4,97764.41,9864.15,3,1,5
612.0,33,76304.05799999999,142797.5,3,1,9
681.0,48,13948.18,163581.67,1,1,8
559.0,25,89402.89799999999,163221.22,2,2,5
488.00000000000006,39,14553.460000000001,1244.44,2,1,9
717.0,36,50687.78800000001,145551.6,3,1,5
666.0,41,141162.8,598.48,3,1,1
582.0,26,65848.36,3149.21,2,2,4
733.0,3,83319.28,57769.200000000004,2,1,5
693.0,41,85552.716,156381.47,3,2,4
694.0,33,129731.64000000001,178123.86,3,1,4
622.0,35,95745.504,51112.8,3,1,5
598.0,38,85093.48999999999,173783.38,2,1,6
717.0,35,53189.318,17477.14,2,2,1
493.99999999999994,37,1716.33,17263.9,1,2,5
644.0,33,65830.74799999999,155294.17,3,2,8
554.0,3,70988.568,432.3,3,1,9
476.0,69,1533.73,13426.34,2,1,1
667.0,28,165798.1,1479.9,3,2,6
748.0,4,57528.78199999999,132368.47,2,1,4
531.0,45,126495.56999999999,164741.5,2,1,1
719.0,47,116393.59,6351.32,2,1,9
845.0,41,81733.74,199761.29,1,1,2
738.0,54,58341.70599999999,55725.4,3,2,4
563.0,46,16171.68,163145.5,2,1,8
695.0,28,962.86,57992.49,2,2,4
841.0,41,86908.56999999999,19393.77,2,2,1
626.0,36,181671.16,57531.14,1,2,2
613.0,29,18579.28,77242.19,3,1,6
824.0,6,13425.17,15346.16,1,2,8
75.0,49,22782.742000000006,6345.2,3,1,7
584.0,44,95671.75,16564.88,3,1,5
534.0,62,1135596.0,42763.12,3,2,2
67.0,34,142191.0,158753.34,3,1,1
630.0,42,1427823.0,29483.35,3,2,5
76.0,29,11596.21,119446.88,1,1,4
510.0,44,154251.7,7694.5,3,1,4
68.0,27,134630.0,91725.73,3,2,2
28.0,31,121634.0,18181.12,3,2,6
49.0,24,141634.0,19639.1,2,1,3
76.0,34,121500.0,222626.98,3,1,1
58.99999999999999,25,121941.0,49857.79,3,1,5
735.0,35,39231.278,65551.65,2,2,7
612.0,45,14312933.0,61327.26,1,2,3
753.0,58,1326291.0,1597.67,1,2,1
540.0,24,326291.0,2446.41,2,1,9
87.0,45,2226291.0,148684.81,2,2,6
25.999999999999996,24,1393791.0,54764.3,3,2,6
735.0,41,1739291.0,17286.17,3,2,8
63.0,32,1116291.0,38555.46,2,1,8
50.0,38,1326871.0,118913.53000000001,2,1,4
662.0,46,13712.802,8487.75,3,2,3
84.0,38,35166.477999999996,187611.16,3,1,5
557.0,25,49837.32399999999,121458.29000000001,3,2,3
656.0,36,1368152.0,1741.95,1,1,2
671.0,44,60224.23599999998,38433.35,3,2,9
