,credit_score,age,balance,estimated_salary,country,gender,tenure
0,619.0,42,93101.008,11348.88,3,1,2
2,52.0,42,15966.8,113931.56999999999,3,1,8
3,699.0,39,38038.28200000001,93826.63,3,1,1
6,822.0,5,98532.99600000001,162.8,3,2,7
8,51.0,44,14251.700000000003,7494.499999999999,3,2,4
9,684.0,27,13463.88,71725.73,3,2,2
10,528.0,31,1216.72,8181.12,3,2,6
12,476.0,34,89296.67199999999,2626.98,3,1,1
13,549.0,25,57708.236,19857.79,3,1,5
19,726.0,24,35671.01,54724.3,3,1,6
20,732.0,41,409161.89999999997,17886.17,3,2,8
23,669.0,46,13777.088000000002,8487.75,3,2,3
24,846.0,38,90308.13399999999,187616.16,3,1,5
25,577.0,25,36854.844,12458.29,3,2,3
27,571.0,44,83848.10999999999,38433.35,3,2,9
29,411.0,29,59697.16999999999,53483.21,3,2,4
31,533.0,36,85311.7,156731.91,3,2,7
35,475.0,45,134264.4,27822.99,3,1,5
38,85.0,36,115253.872,4812.9,3,2,7
41,465.0,51,122522.32,181297.65,3,1,8
42,556.0,61,117419.35,94153.83,3,1,2
43,834.0,49,131394.56,194365.76,3,1,2
52,604.4000000000001,33,51048.316000000006,116978.18999999999,3,1,5
55,619.0,42,125211.92,11341.49,3,2,1
56,656.0,45,127864.4,8717.57,3,2,5
59,614.0,51,4685.92,46775.28,3,2,4
69,675.0,21,98373.26,1823.0,3,1,8
71,813.0,29,116564.20999999999,33953.87,3,2,6
74,519.0,36,87786.73,145562.4,3,2,9
75,735.0,21,178718.19,22388.0,3,1,1
76,664.0,55,64425.29599999999,139161.64,3,2,8
77,678.0,32,45788.886,14821.64,3,1,9
80,665.0,34,96645.54,171413.66,3,1,1
81,777.0,32,69771.87799999998,136458.19,3,1,2
82,543.0,36,67193.836,2619.59,3,1,3
83,56.0,34,937.62,159235.29,3,1,4
84,493.0,46,68058.05799999999,197.66,3,1,4
87,729.0,3,60896.322,151869.35,3,2,9
88,646.0,46,68259.16399999999,93251.42,3,1,4
91,88.0,45,118626.55000000002,147132.46,3,2,7
92,524.0,36,83990.97799999999,19614.57,3,1,1
93,769.0,29,434992.23799999995,17229.61,3,2,8
99,413.0,34,34253.62,6534.18,3,2,9
100,665.0,4,29385.244000000006,161848.3,3,1,6
101,623.0,44,51443.522,167162.43,3,1,6
102,738.0,31,82674.15,4197.72,3,2,9
112,562.0,42,1238.35,86797.41,3,2,2
117,56.0,41,55802.95,31766.3,3,1,1
120,828.0,34,129433.34,38131.77,3,2,8
122,656.0,39,84981.814,14169.879999999997,3,1,6
124,625.0,28,108884.23199999999,183646.41,3,1,3
125,432.0,42,15263.45,11265.24,3,2,9
126,549.0,52,68347.934,8636.5,3,1,1
128,828.0,41,95484.402,171378.77,3,1,7
129,77.0,24,11827.7,167256.35,3,2,9
130,758.0,34,107683.65599999999,124226.16,3,1,3
132,687.0,38,12257.87,3568.8800000000006,3,2,9
133,686.0,25,111028.094,16459.37,3,2,1
137,637.0,4,133463.1,93165.34,3,2,2
141,663.0,34,64459.56,18427.24,3,2,7
142,682.0,42,125851.93,193318.33,3,1,5
144,691.0,31,4915.55,126213.84,3,1,5
147,65.0,30,16967.18,24495.3,3,2,5
148,735.0,44,12681.63,74836.34,3,2,9
149,416.0,32,69902.77799999999,878.87,3,2,5
151,535.0,48,77078.348,149892.79,3,1,9
153,539.0,37,12769.59,98646.22,3,2,2
154,614.0,42,84981.81399999997,1941.53,3,1,6
156,758.0,33,91249.96399999999,82996.47,3,1,7
158,646.0,73,97259.25,14719.66,3,1,6
161,684.0,3,58826.5,83473.82,3,2,2
162,8.0,49,187.36,47125.11,3,1,7
170,484.0,29,13114.39,16417.89,3,1,4
173,578.0,3,169462.9,112187.11,3,2,4
174,512.0,4,53002.39400000001,146457.83,3,2,5
176,51.0,3,94672.884,13553.47,3,1,5
181,51.0,65,297595.092,4871.61,3,2,2
183,636.0,42,68085.00999999998,5547.78,3,2,2
184,84.0,5,95108.958,8546.87,3,1,4
185,514.0,32,70027.78399999999,95857.18,3,2,8
186,73.0,39,991.67,194945.8,3,1,1
190,715.0,41,56214.85,92982.61,3,1,8
191,512.0,36,84327.77,17675.36,3,1,3
192,479.0,4,73931.78199999999,114996.43,3,2,1
193,61.00000000000001,32,9312.89,86957.42,3,2,8
195,87.0,35,17479.15,6.36,3,2,3
198,51.0,57,18160.682,47847.19,3,2,1
199,521.0,35,96423.84,1488.44,3,2,6
201,759.0,42,1542.18,12149.6,3,2,4
203,711.0,38,12922.6,14374.86,3,1,2
205,55.0,37,71778.162,17967.31,3,2,3
207,618.0,34,134954.53,151954.39,3,2,5
208,643.0,45,63937.101999999984,142513.5,3,2,5
209,671.0,45,16376.85,158264.62,3,2,2
211,63.0,31,54209.85199999999,169915.2,3,2,8
212,62.0,41,31546.918,88852.47,3,1,9
213,676.0,34,6395.1,4645.81,3,1,1
216,695.0,46,49512.55,1337.34,3,2,7
218,87.0,42,15799.32,34888.4,3,2,1
219,592.0,54,65386.21799999999,28737.710000000003,3,2,8
220,726.0,31,114722.5,98178.57,3,1,9
222,567.0,42,42271.002,167984.61,3,2,2
223,85.0,33,73347.36199999998,4861.72,3,2,1
225,67.0,37,17557.91,198252.88,3,2,4
226,694.0,3,67996.66999999998,2696.31,3,1,9
230,673.0,72,60103.189999999995,111981.19,3,2,1
231,61.00000000000001,4,321183.38999999996,62232.59999999999,3,2,6
232,512.0,37,97262.30799999999,15615.300000000001,3,1,1
234,585.0,67,113978.97000000002,93146.11,3,1,5
236,712.0,29,73271.59199999999,144375.0,3,1,2
238,668.0,46,90499.50799999999,8948.46,3,1,2
239,73.0,28,81173.83,162812.16,3,2,2
242,73.0,37,15961.68,74158.8,3,2,8
245,635.0,4,123497.58,131953.23,3,1,1
247,545.0,26,67642.806,199638.56,3,1,1
252,681.0,79,100806.97399999999,17968.99,3,1,4
256,727.0,34,84385.728,198637.34,3,2,1
258,693.0,3,127992.25,5457.2,3,1,6
262,557.0,32,184686.41,14956.440000000002,3,1,6
263,682.0,26,11654.2,111879.21,3,1,6
266,498.0,34,15001.457999999997,148528.24,3,2,2
267,651.0,36,64459.55999999998,13898.31,3,2,7
273,77.0,3,78861.73599999999,33159.37,3,2,8
276,756.0,62,13777.088000000002,11199.4,3,2,3
277,777.0,53,131059.33,189992.97,3,1,1
278,646.0,35,8426.86,164255.69,3,2,6
279,714.0,46,80605.62199999999,152167.79,3,2,1
280,782.0,39,410592.9939999999,33949.67,3,2,8
283,87.0,42,118274.71,25885.72,3,2,7
284,799.0,22,174185.98,192633.85,3,1,8
285,675.0,4,11328.86,34577.36,3,2,7
287,475.0,32,11923.28,1816.2900000000002,3,1,8
292,583.0,27,79188.73,51285.49,3,2,7
294,681.0,38,72413.684,112491.95999999999,3,2,3
295,773.0,25,13593.33,73656.38,3,2,2
296,714.0,31,125169.26000000001,16636.89,3,1,4
298,510.99999999999994,58,149117.31,162599.51,3,2,4
299,627.0,33,324095.616,13737.82,3,2,5
300,694.0,31,64431.63999999999,1699.27,3,1,1
302,687.0,35,412951.06200000003,1334.5,3,2,8
303,712.0,33,33621.952,19686.16,3,1,6
304,553.0,33,11882.89,9444.45,3,2,4
305,667.0,31,119266.69,28257.63,3,2,1
306,731.0,42,54159.894,1734.95,3,2,2
308,614.0,5,13714.47,127166.49000000002,3,2,4
310,652.0,8,106180.286,18863.7,3,1,4
312,642.0,38,54470.622,171463.83,3,2,3
316,559.0,49,14769.78,1254.83,3,2,2
319,429.0,24,95741.75,4617.75,3,2,4
321,68.0,3,141441.75,16278.970000000001,3,1,8
322,749.0,4,13929.41,182855.42,3,2,1
323,763.0,31,89233.46199999997,544.72,3,1,4
324,734.0,3,86639.79199999999,1764.2500000000002,3,2,3
325,716.0,35,144428.87,134132.65,3,2,4
326,594.0,35,88722.37399999998,1348.69,3,2,2
327,644.0,46,95441.27,18761.5,3,1,9
330,656.0,5,73156.47200000001,72143.44,3,2,7
335,485.0,29,182123.79,116828.51,3,2,7
337,649.0,33,66146.59399999998,21.980000000000004,3,2,2
341,659.0,31,118342.26,161574.19,3,2,4
343,543.0,22,62036.71,127587.22,3,2,8
344,718.0,25,88327.79799999998,338.12,3,1,7
345,84.0,42,22782.742,998.9500000000002,3,1,7
349,582.0,39,60564.83799999999,129892.93000000001,3,2,5
354,613.0,45,187841.99,147224.27,3,1,1
355,539.0,3,50295.62999999999,16979.66,3,2,3
358,737.0,41,1196.74,123547.28,3,2,1
359,52.0,58,71778.162,3279.2,3,2,3
362,648.0,5,12535.57,189543.19,3,1,9
364,64.0,68,108067.09,199493.38,3,2,9
369,593.0,29,152265.43,344.44,3,1,2
375,769.0,39,15264.029999999999,2116.0,3,1,8
380,482.99999999999994,5,70988.568,1112.24,3,1,9
381,69.0,36,11583.11,123775.14999999998,3,2,7
385,56.0,66,55294.668000000005,15928.490000000002,3,1,9
389,544.0,21,161525.96,9262.77,3,1,1
396,557.0,33,5453.55,371.5,3,2,3
398,71.0,39,53311.655999999995,145894.9,3,1,9
399,616.0,66,135842.41,18384.51,3,1,1
400,65.0,52,63349.74999999999,18887.44,3,2,1
404,685.0,23,62281.223999999995,112239.30000000002,3,2,8
405,718.0,36,26739.928,4599.87,3,2,9
411,85.0,38,73347.36199999998,86.65,3,2,1
417,556.0,39,89588.35,94898.1,3,1,9
418,643.0,46,85334.66999999998,16781.59,3,1,6
419,65.0,28,60073.605999999985,15958.52,3,1,6
421,586.0,38,82472.00999999998,87168.46,3,1,2
423,678.0,35,32230.468,125518.32000000002,3,1,4
424,596.0,39,125487.942,48963.59,3,2,9
425,648.0,26,162923.85,98368.24,3,2,9
427,72.0,45,8793.58,27474.81,3,2,5
434,683.0,33,72511.816,73564.44,3,2,8
435,762.0,51,99286.98,85578.63,3,1,3
437,516.0,35,1488.59,119666.0,3,2,1
438,8.0,38,16819.33,6852.8,3,1,2
440,626.0,35,64606.30999999999,819.36,3,1,3
441,79.0,31,31546.918,84126.75,3,1,9
442,534.0,34,121551.58,7179.0,3,1,7
443,745.0,46,12222.19,11824.1,3,2,2
445,748.0,26,7778.289999999999,18349.41,3,1,1
446,722.0,37,67575.492,1296.83,3,2,2
447,51.0,4,125832.19999999998,1433.83,3,2,4
448,675.0,38,6865.8,138777.0,3,1,6
451,85.0,4,72156.388,119232.33,3,2,9
454,758.0,39,127357.76,56577.00000000001,3,1,6
455,56.0,36,138379.44800000003,164253.35,3,2,5
456,733.0,33,39787.316,7666.7300000000005,3,2,3
457,711.0,38,73214.108,68487.51,3,2,3
461,539.0,39,9041.390000000001,36692.17,3,2,3
463,662.0,32,13395.37,48725.68,3,1,4
465,68.0,33,89968.69,68777.26,3,2,9
468,536.0,35,58444.708,64833.28,3,2,8
469,753.0,35,54470.622,184843.77,3,2,3
471,73.0,37,149762.8,2629.4,3,2,1
472,774.0,26,93844.69,28415.359999999997,3,2,2
473,785.0,28,83199.692,77231.27,3,2,8
474,571.0,33,51371.138000000006,1275.7,3,1,1
477,611.0,4,1812.33,147358.27,3,1,8
478,569.0,38,81992.94,18469.2,3,2,7
479,658.0,29,8262.6,2612.82,3,2,4
481,525.0,23,57708.23599999999,16249.1,3,1,5
482,798.0,37,419280.37,11783.28,3,2,8
485,73.0,35,15547.55,53718.28,3,1,4
486,641.0,37,88624.68799999998,75248.3,3,2,7
487,542.0,39,13596.77,14353.43,3,2,3
488,692.0,3,76362.79599999999,13486.57,3,2,2
491,71.0,41,15667.5,9983.88,3,1,2
492,639.0,38,8155.94,118974.76999999999,3,1,4
493,531.0,47,51443.522,194998.34,3,1,6
494,673.0,38,1761.92,13491.34,3,1,2
496,622.0,32,16989.38,1157.95,3,1,6
497,86.0,4,8613.93,142838.64,3,2,5
499,57.0,58,48773.076,11653.92,3,1,8
501,692.0,54,383104.46800000005,88721.84,3,2,5
502,774.0,6,85891.55,74135.48,3,2,5
505,584.0,31,40798.78399999999,31474.270000000004,3,2,5
508,733.0,22,80043.10599999999,11722.19,3,2,5
513,734.0,34,133598.4,1317.24,3,2,6
514,65.0,51,136188.78,6711.59,3,1,3
516,468.0,56,83634.60199999998,62256.869999999995,3,1,1
518,698.0,48,11238.24,177815.87,3,2,4
519,77.0,58,89685.92,126471.13000000002,3,2,6
520,85.0,35,211774.31,188574.12,3,1,1
521,85.0,56,131317.48,119175.45,3,2,7
524,661.0,48,1232.54,96463.25,3,2,3
525,776.0,31,69771.87799999998,112349.51,3,1,2
526,71.0,42,70331.556,16533.79,3,2,2
527,61.00000000000001,26,95150.56,16631.8,3,2,8
529,673.0,3,6497.75,77783.35,3,2,1
532,729.0,32,93694.42,79919.13,3,2,6
534,55.0,4,114354.95000000001,5418.93,3,1,7
535,68.0,59,37448.468,7649.64,3,2,1
540,833.0,37,151226.18,136129.49,3,2,8
541,622.0,26,60896.322,153237.59,3,2,9
542,597.0,42,6474.12,16841.12,3,1,4
544,54.0,49,52925.638000000006,87822.14,3,1,7
546,587.0,38,101288.10399999999,47414.15,3,2,5
548,58.0,49,122451.46,7588.099999999999,3,2,7
549,749.0,24,111028.09399999997,47911.3,3,2,1
553,417.0,34,57557.1,553.79,3,2,7
563,58.99999999999999,46,60514.38999999999,71244.59,3,1,1
565,543.0,36,65145.274000000005,14121.5,3,2,4
569,761.0,31,78188.514,166698.18,3,2,7
570,61.00000000000001,44,1486.18,62678.53,3,2,1
571,651.0,45,83949.268,6774.8,3,2,1
572,745.0,35,92566.53,161519.77,3,2,9
575,546.0,27,56258.328,14858.1,3,1,8
577,755.0,3,123217.66,144183.1,3,2,4
578,593.0,41,98264.32999999999,6517.66,3,1,6
579,71.0,39,94051.63599999998,82526.92,3,2,2
585,76.0,51,1946.7100000000003,179614.8,3,1,2
587,725.0,44,98350.82199999997,117356.14,3,2,5
588,526.0,36,58548.076,16696.72,3,2,1
591,7.0,38,134811.3,1299.75,3,2,8
592,666.0,34,115897.12,2595.3,3,1,9
600,61.00000000000001,42,53666.774,11916.15,3,1,8
602,687.0,72,64344.68599999999,69829.4,3,1,9
603,566.0,3,77161.28,54926.51,3,2,5
604,72.0,37,15525.8,94728.49,3,2,1
605,61.00000000000001,29,46660.124,8393.27,3,2,9
606,699.0,53,34773.77,11137.98,3,2,4
607,584.0,28,103780.16399999999,19834.32,3,2,1
608,699.0,35,363912.064,78397.24,3,2,5
610,495.0,3,129755.99000000002,172749.65,3,2,1
611,65.0,27,60073.606,12.39,3,1,6
612,65.0,64,129555.69999999998,1361.79,3,1,2
620,593.0,35,114193.23999999999,71154.1,3,2,9
626,427.00000000000006,29,141325.56,93839.3,3,2,1
627,752.0,49,78653.84,7698.600000000001,3,2,2
628,649.0,47,55998.236,145593.85,3,2,1
630,589.0,61,94578.93000000001,6118.56,3,1,1
634,85.0,31,67996.23,5129.87,3,2,6
637,682.0,48,138778.15,16884.23,3,2,1
638,744.0,42,147832.15,24234.11,3,1,1
639,785.0,36,135438.4,19627.1,3,1,4
641,76.0,29,112564.62,42334.38,3,1,5
642,583.0,27,12546.58,11784.42,3,1,1
644,819.0,39,13312.92,2746.46,3,1,9
645,673.0,34,42157.8,2598.59,3,1,8
646,752.0,3,41278.618,14991.280000000002,3,1,3
647,578.0,38,82259.29,8996.97,3,2,7
648,438.00000000000006,36,61652.049999999996,6442.5,3,1,4
649,652.0,38,116814.53000000001,1457.22,3,2,6
650,629.0,49,61032.09599999998,196335.48,3,1,4
651,72.0,52,74692.116,14781.12,3,2,7
652,668.0,42,15461.7,18139.23,3,2,3
658,544.0,64,113829.45,124341.49,3,2,9
659,751.0,3,75954.47399999999,15766.100000000002,3,1,6
662,678.0,31,67878.87599999999,5883.28,3,2,2
663,695.0,46,93632.54999999999,137537.22,3,2,4
664,661.0,41,73978.886,1313.68,3,1,1
665,661.0,33,108535.05399999999,84174.81,3,2,9
666,559.0,31,1277.73,16941.78,3,1,3
667,53.00000000000001,29,81453.95,143954.99,3,2,3
669,64.0,42,17699.13,844.73,3,1,5
671,667.0,42,84751.44799999999,58137.420000000006,3,2,9
672,642.0,26,119042.878,47472.68,3,2,3
675,563.0,39,82397.258,1763.8099999999997,3,1,5
680,433.3999999999999,55,97318.25,78416.14,3,2,5
684,583.0,24,135125.28,8981.9,3,2,9
686,715.0,31,112212.14,1816.72,3,1,2
688,625.0,51,136294.97,38867.46,3,1,7
689,641.0,36,66392.64,3116.67,3,1,5
691,767.0,42,7648.85,77837.63,3,2,1
693,589.0,34,30384.91800000001,177896.92,3,2,6
694,796.0,45,1973.2199999999998,123882.72999999998,3,1,2
695,664.0,57,85532.17199999999,1534.8,3,2,6
700,75.0,32,56847.56799999999,95611.47,3,1,5
701,669.0,3,95128.86,19799.26,3,2,7
707,62.0,42,44197.087999999996,6232.31,3,2,4
708,58.0,35,74200.174,1357.3,3,1,8
709,686.0,34,123971.50999999998,147794.63,3,1,3
710,54.0,48,148116.48,116973.48000000001,3,2,6
713,51.0,41,14426.5,172114.67,3,1,3
715,786.0,34,60896.322,144517.19,3,2,9
718,474.00000000000006,45,84603.204,172175.9,3,2,1
719,621.0,42,127262.552,47578.45,3,1,5
722,669.0,23,111028.094,6688.83,3,2,1
723,776.0,38,169824.46,169291.7,3,1,2
724,694.0,36,9753.25,11714.41,3,2,3
725,787.0,42,145988.65,7951.37,3,1,1
726,58.0,37,45145.00400000001,7718.66,3,2,9
727,711.0,25,91704.508,9679.28,3,1,7
728,673.0,4,137494.28,81753.92,3,1,5
729,499.00000000000006,57,64671.048,131372.38,3,1,1
730,591.0,24,14736.0,2531.82,3,2,6
731,769.0,25,96447.694,187925.75,3,1,1
735,496.99999999999994,47,56915.47599999999,955.7999999999998,3,2,6
737,525.0,36,114628.4,16829.6,3,2,2
738,725.0,46,12958.440000000002,161767.38,3,2,6
739,692.0,28,9559.2,4442.18,3,1,8
740,618.0,24,128736.39,37147.61,3,1,7
741,546.0,24,156325.38,125381.19999999998,3,2,8
742,635.0,29,1545.97,149853.89,3,2,7
743,611.0,49,88915.37,161435.2,3,1,2
744,65.0,6,78861.73599999999,12925.76,3,2,8
745,66.0,4,64034.234000000004,7899.270000000001,3,2,5
746,843.9999999999999,18,1698.3,145936.28,3,2,2
750,649.0,41,37728.47,13567.2,3,2,5
752,49.0,35,17749.3,3937.37,3,1,7
755,83.0,31,15712.859999999999,1413.53,3,2,9
758,633.0,37,15691.969999999998,728.61,3,1,9
759,664.0,58,98668.18,6887.58,3,2,5
760,6.0,42,13422.6,194764.83,3,1,5
761,693.0,35,124151.9,8875.14,3,1,5
766,7.0,82,47274.368,18255.36,3,1,2
769,531.0,63,114715.71,2456.95,3,1,1
771,717.0,31,129722.57,41176.6,3,2,4
772,589.0,32,88722.37399999998,9468.64,3,2,2
773,767.0,36,13918.2,12388.19,3,2,3
775,648.0,33,134944.0,11736.38,3,2,7
778,754.0,28,94295.17399999998,52615.62,3,2,8
780,639.0,27,65830.74799999999,192247.35,3,2,8
781,774.0,28,71264.2,68759.57,3,1,1
782,517.0,41,47959.288,75937.47,3,2,2
783,571.0,35,79671.334,84569.13,3,1,8
786,688.0,26,111028.094,14435.939999999999,3,2,1
790,698.0,36,82275.35,93249.26,3,2,2
791,611.0,49,54470.622,142917.54,3,2,3
794,654.0,29,111028.09399999997,18345.44,3,2,1
796,72.0,46,98444.19,19563.28,3,1,9
798,683.0,35,18753.66,37976.36,3,1,6
800,65.0,52,83587.52,173952.5,3,2,7
804,85.0,39,127771.35,151738.54,3,2,4
806,793.0,33,146359.28800000003,175544.2,3,1,4
807,628.0,69,112176.766,181964.6,3,2,5
809,657.0,37,95845.6,122218.23,3,1,6
810,618.0,35,89553.14799999999,18439.75,3,1,1
814,7.0,26,45089.98800000001,551.42,3,1,2
815,745.0,25,157993.15,14641.45,3,2,5
816,696.0,29,65830.74799999999,191166.9,3,2,8
819,72.0,42,137824.3,172557.77,3,1,6
821,841.0,36,15621.31,122662.97999999998,3,1,5
826,68.0,47,55992.261999999995,179843.33,3,1,5
829,577.0,39,73978.886,1553.31,3,1,1
830,684.0,34,33621.952,13928.219999999998,3,1,6
834,633.0,3,93069.38399999999,41642.29,3,1,6
835,559.0,34,13739.11,9677.0,3,2,2
839,57.0,36,83543.37,14134.43,3,2,4
841,818.0,31,186796.37,178252.63,3,1,1
844,64.0,44,137148.68,92381.1,3,2,3
845,55.0,49,81.23,13518.11,3,2,7
847,468.0,42,84419.75799999997,12535.34,3,1,5
849,75.0,25,97544.29,59887.149999999994,3,2,5
853,653.0,42,84981.814,733.59,3,1,6
854,675.0,57,88392.726,95463.29,3,1,8
859,598.0,64,110189.73599999999,195635.3,3,2,1
860,667.0,42,19227.46,9758.4,3,2,8
861,548.0,32,172448.77,18883.77,3,1,2
862,725.0,41,11398.21,11674.25,3,2,7
863,717.0,53,118098.026,97614.87,3,2,6
864,594.0,38,60615.30199999999,186884.4,3,2,4
866,545.0,38,88293.13,2432.95,3,2,1
867,636.0,48,17833.46,1151.28,3,1,1
869,435.00000000000006,36,65145.27399999999,19715.2,3,2,4
870,535.0,4,58861.234,27689.77,3,1,8
872,722.0,35,163943.89,1568.18,3,1,2
873,561.0,28,92278.56999999998,7797.1,3,2,7
874,645.0,38,1143.3,44.32,3,1,5
875,51.0,39,11731.66,18225.95,3,1,9
878,574.0,33,134348.57,63163.99,3,1,3
879,518.0,45,15525.650000000001,73418.29,3,1,9
880,749.0,6,75954.47399999999,17978.68,3,1,6
881,679.0,42,32230.468000000004,115136.51,3,1,4
882,565.0,36,16192.099999999999,149575.59,3,2,6
883,643.0,45,45144.43,6917.24,3,1,4
884,515.0,65,92113.61,142548.33,3,2,7
885,521.0,25,60139.897999999994,157878.67,3,2,7
887,585.0,42,91409.46599999999,18657.77,3,2,2
889,542.0,42,145618.37,135.74,3,1,8
892,577.0,42,61128.622,7477.91,3,2,9
893,73.0,51,92668.98200000002,77294.56,3,1,3
896,718.0,35,412951.0619999999,9482.85,3,2,8
897,621.0,4,29385.244000000006,155155.25,3,1,6
898,523.0,4,12967.41,12872.1,3,1,2
901,643.0,36,16164.640000000001,84294.82,3,2,7
902,645.0,48,9612.34,149139.13,3,1,7
903,568.0,28,14515.639999999998,185489.11,3,2,5
904,599.0,58,32544.615999999998,17647.15,3,2,4
905,672.0,45,60172.064000000006,9227.69,3,1,9
906,685.0,33,174912.72,43932.54,3,2,6
907,516.0,46,14947.72,115789.24999999999,3,1,1
910,64.0,36,116229.84999999999,79633.38,3,2,6
914,569.0,35,124525.52,193793.78,3,2,1
915,596.0,47,115007.03,74835.65,3,2,6
916,475.0,39,41334.36,56999.899999999994,3,2,6
917,646.0,45,47134.75,57236.439999999995,3,1,3
920,729.0,44,67158.49399999999,92.54,3,2,5
922,555.0,51,63937.101999999984,189122.89,3,2,5
924,785.0,34,732.48,686.36,3,1,9
929,764.0,24,16234.2,115676.38,3,1,7
935,619.0,38,108884.232,116467.35,3,1,3
936,775.0,52,19922.61,96823.32,3,2,8
938,577.0,37,32750.930000000004,79881.39,3,1,4
939,724.0,37,68598.56,157862.82,3,1,1
941,696.0,31,15264.029999999999,19174.11,3,1,8
942,376.0,46,59839.26199999998,157333.69,3,1,6
944,745.0,36,67226.37,13789.6,3,2,8
947,715.0,38,11859.41,5684.17,3,1,5
948,659.0,67,145981.87,13143.2,3,2,4
949,684.0,48,7339.380000000001,21228.34,3,1,3
950,635.0,48,13796.33,4325.3,3,1,8
955,76.0,44,12965.99,69865.49,3,1,4
959,629.0,37,12911.3,23971.33,3,1,6
965,663.0,42,124626.7,784.5,3,1,5
966,563.0,34,13981.34,152417.79,3,1,6
968,544.0,37,84496.71,79972.9,3,2,3
970,638.0,48,138333.3,47679.14,3,1,1
971,723.0,25,64382.08799999999,13459.47,3,2,3
974,73.0,34,122453.37,138882.98,3,2,5
976,586.0,42,132558.26,6746.83,3,1,8
977,52.0,38,35512.188,56388.63,3,1,4
978,652.0,48,133297.24,77764.37,3,1,8
979,55.0,46,22782.742,1359.35,3,1,7
980,594.0,27,19741.8,151912.49,3,2,7
982,668.0,32,90024.90199999999,777.37,3,2,7
984,773.0,25,124532.77999999998,11723.57,3,2,1
986,566.0,36,14212.91,79616.37,3,2,1
989,722.0,49,168197.66,14765.57,3,1,3
990,566.4000000000001,37,93147.0,66214.13,3,2,5
991,615.0,35,9744.2,139816.1,3,1,2
999,759.0,38,1491.29,91561.91,3,1,1
1001,788.0,42,92667.262,116111.51000000001,3,1,1
1003,646.0,42,175159.9,67124.48,3,1,3
1007,564.0,42,99824.45,36721.4,3,2,7
1008,443.99999999999994,45,56915.47599999999,139.85,3,2,6
1010,724.0,4,48452.552,127847.25,3,2,1
1012,548.0,29,53337.842,48673.18,3,1,4
1015,676.0,37,89634.69,169583.18,3,1,5
1019,633.0,31,97252.84199999999,4866.71,3,2,1
1020,625.0,49,173434.9,16558.93,3,2,6
1022,547.0,48,17938.74,69263.1,3,1,1
1023,642.0,32,72413.684,88698.83,3,2,3
1024,718.0,25,18691.95,633.97,3,1,4
1025,582.0,32,50746.092000000004,59668.81,3,1,4
1026,628.0,33,98052.38799999998,18423.23,3,2,6
1030,73.0,39,116537.60000000002,145679.6,3,2,1
1031,631.0,22,41278.618,3781.77,3,1,3
1033,645.0,29,13131.8,196474.35,3,2,1
1034,663.0,46,54470.622,176276.1,3,2,3
1036,521.0,3,17316.9,64299.82000000001,3,2,2
1037,625.0,24,104130.356,18969.55,3,1,1
1038,523.0,3,83181.29,138176.78,3,2,1
1039,714.0,72,103983.39399999999,86733.61,3,1,3
1041,722.0,3,53002.39400000001,166376.54,3,2,5
1043,579.0,35,80046.976,446.2,3,2,1
1044,67.0,38,119624.54000000001,11472.12,3,1,4
1047,726.0,48,42405.096000000005,1142.6,3,1,4
1050,682.0,3,88895.81799999998,161465.31,3,2,4
1057,581.0,47,122949.14000000001,18251.68,3,1,1
1059,85.0,38,8293.98,126555.74,3,2,7
1063,812.0,34,13818.43,16638.27,3,2,5
1064,723.0,2,81540.77599999998,14385.33,3,1,4
1065,512.0,36,152169.12,38629.3,3,2,4
1066,731.0,52,124546.61399999999,24998.75,3,1,1
1068,594.0,57,58959.91599999999,19376.56,3,2,6
1069,843.9999999999999,4,113348.14,3194.31,3,2,7
1074,535.0,31,111855.39999999998,36278.89,3,1,7
1077,658.0,29,145512.84,227.2,3,2,3
1079,664.0,32,1729.73,11234.2,3,2,1
1083,678.0,32,40945.768000000004,9284.47,3,1,5
1084,796.0,24,94295.174,61349.369999999995,3,2,8
1085,83.0,42,138379.44800000003,196466.83,3,2,5
1086,712.0,36,1749.4999999999998,7758.369999999999,3,2,2
1087,498.0,31,91706.34199999999,13892.57,3,1,1
1089,628.0,51,123981.31,4546.15,3,1,3
1091,732.0,36,126195.81,133172.48,3,2,7
1092,715.0,41,94267.9,152821.12,3,2,4
1093,651.0,4,88895.81799999998,147715.83,3,2,4
1094,813.0,34,99748.988,43169.15,3,2,6
1095,692.0,29,137892.66199999998,76755.99,3,2,4
1097,543.0,36,30384.91800000001,176728.28,3,2,6
1098,79.0,26,141581.71,9839.27,3,1,4
1100,85.0,39,148586.64,176791.27,3,1,2
1104,589.0,28,60139.898,151645.96,3,2,7
1105,514.0,46,16511.85,5572.32,3,1,3
1106,678.0,38,58404.428,11568.99,3,1,2
1109,595.0,31,60615.30199999999,189995.86,3,2,4
1110,713.0,52,185891.54,46369.57,3,1,5
1112,69.0,42,92578.14,781.6,3,1,3
1114,68.0,62,144976.5,175836.3,3,1,8
1116,519.0,42,24073.667999999998,11485.72,3,2,8
1117,731.0,47,115414.19,191734.67,3,1,1
1121,89.0,24,80364.81199999999,193518.76,3,1,4
1128,675.0,32,155663.31,97658.66,3,1,2
1129,669.0,35,88327.79799999998,4918.23,3,1,7
1132,628.0,37,81343.672,17177.93,3,2,5
1133,559.0,34,119631.86000000002,66721.98,3,2,4
1134,769.0,27,59322.65199999999,57876.49999999999,3,1,2
1136,75.0,22,62875.43199999999,15125.65,3,2,5
1137,583.0,42,66081.006,17439.66,3,1,4
1140,618.0,37,96652.86,98686.4,3,1,5
1141,617.0,4,198.32,1747.92,3,2,5
1143,63.0,42,45145.00400000001,34338.4,3,2,9
1145,546.0,28,65830.74799999999,159254.29,3,2,8
1149,655.0,38,60715.87199999999,11527.71,3,2,4
1150,7.0,27,137963.7,8996.79,3,1,6
1155,729.0,34,15233.8,12128.69,3,2,3
1156,615.0,49,49482.264,49872.33,3,2,3
1160,513.0,35,22177.395999999997,7664.29,3,2,8
1161,755.0,41,14817.409999999998,12613.58,3,2,6
1162,615.0,3,81770.58,87347.82,3,1,9
1164,85.0,36,16485.54,62722.44000000001,3,1,4
1167,548.0,35,58075.583999999995,31299.709999999995,3,1,1
1168,67.0,27,24660.336,63495.86,3,1,2
1169,653.0,38,12133.38,16652.96,3,1,8
1176,726.0,34,45433.11199999999,14121.61,3,2,9
1177,626.0,21,86016.374,66232.23,3,2,1
1178,552.0,49,63529.498,19296.76,3,2,4
1180,621.0,34,87359.40599999999,99128.13,3,2,6
1182,673.0,42,16869.73,146992.24,3,1,5
1183,652.0,36,81998.71599999999,151314.98,3,2,1
1185,756.0,37,132623.6,58973.99999999999,3,2,3
1186,67.0,35,13465.2,174627.6,3,1,3
1187,765.0,5,126547.8,79579.94,3,1,9
1188,528.0,3,128262.72,5771.16,3,2,2
1189,71.0,4,169742.64,153537.55,3,2,5
1190,797.0,29,45439.592,132975.39,3,1,3
1194,764.0,24,91704.508,18615.99,3,1,7
1195,676.0,42,95752.79599999999,55119.53,3,1,2
1198,584.0,38,14584.160000000002,176678.72,3,2,9
1199,645.0,41,332655.738,28667.56,3,2,6
1202,529.0,22,53002.39399999999,151169.83,3,2,5
1203,463.00000000000006,35,11257.16,118113.64,3,2,2
1204,63.0,4,53491.02200000002,34453.17,3,1,7
1205,78.0,76,121313.87999999999,64872.33,3,2,1
1208,697.0,47,128252.66,16853.4,3,1,6
1209,85.0,32,66362.68799999998,155227.0,3,1,7
1210,711.0,51,29087.742000000002,3849.7899999999995,3,2,7
1211,452.00000000000006,32,86820.31599999999,75279.39,3,1,5
1213,694.0,22,81540.77599999998,11525.72,3,1,4
1216,572.0,33,340043.52200000006,41139.5,3,2,5
1218,76.0,23,54569.89199999999,164128.41,3,1,5
1221,791.0,37,163789.49,75832.53,3,2,2
1222,536.0,46,65733.41,6194.53,3,2,1
1227,557.0,28,146445.24,184317.74,3,1,7
1228,659.0,38,108884.23199999999,158553.1,3,1,3
1234,771.0,66,143773.7,13827.88,3,1,7
1237,717.0,42,63937.101999999984,172665.21,3,2,5
1238,746.0,24,137492.35,17142.9,3,2,3
1239,569.0,28,80599.23199999997,73977.23,3,2,7
1240,579.0,36,129829.59000000001,696.12,3,2,9
1241,519.0,21,146329.57,194867.27,3,1,1
1245,626.0,44,81553.93,263.63,3,1,1
1246,666.0,66,119405.236,99792.82,3,1,7
1247,512.0,24,69397.29,37654.31,3,2,6
1249,83.0,26,61235.332,18128.47,3,1,4
1252,693.0,68,9775.99,61569.7,3,2,4
1254,628.0,46,4687.43,31272.14,3,1,1
1256,733.0,42,1294.93,18456.45,3,2,9
1257,628.0,38,75489.84599999998,48924.73,3,1,3
1258,633.0,33,108884.23199999999,191111.2,3,1,3
1263,638.0,42,165679.92,32916.29,3,1,7
1265,534.0,55,116973.26000000001,12266.5,3,1,8
1266,548.0,36,88449.74399999999,65996.9,3,1,3
1268,658.0,44,148481.9,13529.13,3,1,6
1269,554.0,38,137654.5,172629.67,3,1,4
1271,723.0,42,9995.73,17512.53,3,2,2
1273,474.00000000000006,33,82554.61,181945.52,3,2,5
1275,719.0,32,14665.270000000002,77119.45,3,2,9
1277,743.0,42,772.2,8428.42,3,2,7
1279,521.0,39,99466.67799999999,27375.15,3,1,6
1282,622.0,35,65830.74799999999,131772.51,3,2,8
1283,669.0,45,149364.58,173454.7,3,2,7
1284,583.0,59,12745.14,67552.71,3,2,7
1292,794.0,41,133486.13799999998,74275.8,3,1,7
1293,641.0,3,8755.47,7278.570000000001,3,2,2
1294,824.0,3,133634.2,16253.919999999998,3,2,6
1297,498.0,34,92283.41999999998,91711.66,3,2,5
1298,683.0,3,57657.49,7924.9,3,2,1
1300,538.0,37,134752.8,162511.55,3,2,1
1302,428.0,31,139186.214,54487.43,3,1,2
1304,718.0,31,1181.59,13165.15,3,1,4
1308,71.0,33,118327.17,192928.82,3,2,1
1311,85.0,37,153147.75,152235.3,3,1,7
1312,542.0,38,65942.26,6893.23,3,2,8
1313,89.0,38,71778.162,861.31,3,2,3
1314,675.0,54,58338.352,149583.67,3,2,2
1316,85.0,31,61235.33199999999,3382.81,3,1,4
1317,789.0,37,74070.128,121883.87,3,2,3
1318,598.0,42,59938.759999999995,1722.72,3,1,5
1320,687.0,47,121526.61,177624.1,3,1,7
1321,724.0,4,124535.884,16149.479999999998,3,2,6
1322,7.0,44,58781.76000000001,16874.92,3,1,2
1325,613.0,46,167795.6,4439.38,3,1,8
1326,781.0,38,128345.69,63218.850000000006,3,1,3
1329,743.0,4,75954.47399999999,2828.8,3,1,6
1332,778.0,38,14518.49,12672.41,3,2,3
1338,625.0,52,164978.1,67788.49,3,2,5
1341,794.0,41,176845.41,166526.26,3,1,7
1346,643.0,3,94443.77,165614.4,3,2,5
1347,521.0,37,47959.288,86372.24,3,2,2
1348,615.0,32,92199.84,2755.53,3,2,7
1350,717.0,41,135756.96,1376.41,3,1,3
1351,648.0,54,12633.42,5924.38,3,1,9
1356,79.0,49,154344.49,38794.57,3,2,4
1357,591.0,42,54470.622,198926.36,3,2,3
1358,664.0,42,18926.53,5699.86,3,2,9
1359,431.0,37,12764.8,11723.8,3,2,6
1361,578.0,32,107104.45199999998,141822.8,3,2,4
1365,625.0,42,21696.7,1332.9,3,2,8
1370,769.0,26,122850.982,176843.53,3,1,7
1371,611.0,42,64897.75,114996.33,3,1,8
1372,489.0,38,22177.395999999997,19699.79,3,2,8
1374,632.0,44,17764.75,185667.72,3,2,3
1375,429.0,27,11737.44,242.48999999999998,3,1,6
1376,457.0,41,737.12,18575.2,3,2,5
1381,846.0,41,54692.147999999994,344.47,3,1,5
1383,571.0,23,15197.28,17163.75,3,1,1
1385,716.0,35,11288.18,17848.3,3,1,8
1386,758.0,42,108866.05599999998,7629.56,3,1,7
1387,725.0,66,86459.8,141476.56,3,2,4
1388,63.0,4,118633.80000000002,632.46,3,1,5
1389,627.0,55,159441.27,1686.11,3,1,2
1390,653.0,27,74378.69,96429.29,3,1,9
1393,831.0,32,14633.62,19126.74,3,1,2
1394,561.0,29,12268.13,17387.39,3,2,9
1398,693.0,38,116855.17800000001,78133.48,3,1,3
1400,684.0,27,12255.5,137835.82,3,1,9
1402,757.0,29,1336.49,77469.38,3,2,8
1403,739.0,27,35671.01,57572.38,3,1,6
1405,359.0,44,128747.68999999999,146955.71,3,1,6
1407,721.0,69,18424.19,178418.35,3,2,2
1408,77.0,32,45145.00400000001,387.2,3,2,9
1409,443.99999999999994,4,8435.7,143835.76,3,1,5
1410,523.0,73,153180.906,13883.9,3,1,7
1419,535.0,44,114427.86000000002,13633.26,3,1,2
1425,726.0,42,19471.79,175161.5,3,1,2
1426,591.0,39,155.64,14928.8,3,1,4
1428,55.0,57,75925.45199999999,13351.94,3,2,5
1429,61.00000000000001,26,78892.23,2373.52,3,1,8
1430,82.0,29,82344.84,115985.38,3,1,3
1431,667.0,48,72392.298,43229.2,3,2,2
1433,755.0,62,12776.33,142377.69,3,2,1
1434,552.0,41,124349.34000000001,135635.25,3,1,9
1437,67.0,31,52168.54800000001,76254.83,3,1,9
1439,778.0,65,150618.752,77867.23,3,1,7
1442,683.0,42,61297.54599999999,96754.8,3,2,8
1443,556.0,42,51443.522000000004,125154.57,3,1,6
1444,583.0,38,60828.08,113597.64,3,1,1
1445,75.0,24,1169.51,12148.55,3,1,7
1446,637.0,33,145731.83,19219.43,3,2,2
1451,551.0,38,72921.51,216.27,3,1,1
1452,687.0,35,99587.43,1713.1,3,1,3
1453,672.0,53,150618.752,13691.18,3,1,7
1457,85.0,66,58357.31199999998,6435.8,3,2,4
1458,465.0,25,78247.31,1472.31,3,2,2
1459,817.0,55,117561.48999999999,95941.55,3,1,1
1460,578.0,23,8898.32,125222.36,3,2,1
1463,517.0,37,11338.84,31517.16,3,2,5
1465,86.0,32,63763.48999999999,156593.9,3,1,3
1466,633.0,29,169988.35,4272.0,3,1,7
1468,691.0,52,54470.622,175843.68,3,2,3
1471,86.0,48,16471.68,21439.49,3,2,4
1473,552.0,36,62036.71,132547.2,3,2,8
1475,634.0,26,76385.042,2176.96,3,2,8
1476,756.0,26,11641.14,15446.680000000002,3,1,5
1477,776.0,37,39293.189999999995,865.0,3,2,2
1478,649.0,45,92786.66,173365.9,3,1,5
1480,646.0,42,9814.74,12757.14,3,2,5
1482,574.0,26,9746.1,4393.67,3,2,8
1483,85.0,36,1477.19,68594.0,3,2,1
1485,475.0,46,46887.702000000005,122953.00000000001,3,1,1
1486,642.0,39,67598.398,76821.24,3,1,4
1489,69.0,39,141675.23,175664.25,3,1,8
1494,449.00000000000006,52,40476.022000000004,123621.99999999999,3,2,6
1497,631.0,35,112392.45,24472.23,3,2,9
1499,460.99999999999994,28,108728.48199999999,13349.74,3,1,8
1500,63.0,5,81947.76,6366.22,3,2,1
1501,661.0,31,144162.3,1449.79,3,1,7
1503,71.0,47,158623.14,83499.89,3,2,5
1504,741.0,32,65830.74799999999,143598.7,3,2,8
1506,747.0,27,111028.094,137.89,3,2,1
1508,576.0,36,81109.27799999999,48314.0,3,2,6
1509,528.0,37,13772.45,197111.99,3,2,6
1510,535.0,33,1334.32,11299.78,3,2,2
1512,656.0,39,31360.615999999998,98894.64,3,2,1
1513,44.0,42,97401.892,49826.68,3,2,2
1516,646.0,37,96558.66,163427.18,3,1,7
1517,744.0,54,9386.31,1468.77,3,2,6
1519,423.8,64,12443.8,11142.97,3,1,3
1522,787.0,35,16266.8,1667.15,3,1,1
1524,796.0,51,28478.29600000001,194733.28,3,2,6
1526,711.0,34,412951.06200000003,4826.19,3,2,8
1528,415.0,32,14587.59,364.65,3,2,5
1530,611.0,26,1758.9300000000003,1281.65,3,1,2
1531,6.0,28,60073.606000000014,52193.23,3,1,6
1533,85.0,37,212778.2,69372.88,3,1,3
1536,838.0,34,15264.029999999999,27472.7,3,1,8
1537,821.0,28,32512.006,36754.13,3,1,8
1539,558.0,38,113.91999999999999,152872.39,3,2,8
1542,53.00000000000001,33,12937.32,17293.28,3,1,4
1549,652.0,48,59486.31,163944.18,3,2,4
1552,78.0,34,73347.36199999998,6484.4,3,2,1
1553,592.0,38,119278.10000000002,1937.7300000000002,3,1,8
1554,628.0,34,158741.43,126192.54,3,2,4
1555,658.0,4,14596.95,135459.2,3,1,7
1558,571.0,35,14783.81,178512.52,3,1,1
1565,581.0,38,109759.20799999998,46176.22,3,2,1
1567,713.0,53,11529.4,191521.32,3,2,6
1568,676.0,4,1145.78,67998.45,3,2,8
1571,594.0,23,156267.59,16968.44,3,2,5
1572,716.0,44,19528.28,27341.63,3,1,3
1573,668.0,35,12482.76,53994.64,3,1,6
1575,545.0,23,12787.200000000003,189613.12,3,2,2
1576,613.0,4,95624.36,676.33,3,1,9
1578,715.0,28,16376.61,196853.11,3,2,7
1580,721.0,35,118273.83,386.89,3,1,6
1582,69.0,38,94456.0,5534.2,3,2,1
1583,79.0,42,27763.079999999994,16835.62,3,1,8
1585,538.0,33,93791.38,199249.29,3,2,6
1586,735.0,33,35832.03600000001,149474.69,3,1,4
1587,592.0,37,62446.16,126726.33,3,1,7
1588,747.0,61,155973.13,147554.26,3,2,7
1591,621.0,39,117823.088,58883.91000000001,3,2,6
1595,677.0,38,60715.87199999999,1878.63,3,2,4
1597,771.0,32,62321.62,492.59,3,2,5
1599,67.0,42,115961.58,29483.870000000003,3,1,1
1600,517.0,28,11562.61,17956.23,3,2,2
1601,834.0,49,1662.25,129273.93999999999,3,1,8
1602,571.0,42,18825.34,55558.51,3,1,4
1604,718.0,31,152663.77,17128.64,3,1,1
1607,711.0,64,34773.77,3185.67,3,2,4
1608,574.0,39,122524.60999999999,88463.63,3,1,2
1609,619.0,35,132292.63,65682.93,3,1,8
1610,588.0,24,41096.532,14586.8,3,1,3
1612,665.0,52,76973.45999999999,116137.09999999999,3,2,3
1614,641.0,77,108845.28399999996,81514.6,3,2,9
1616,594.0,49,42972.952,23631.55,3,1,4
1618,697.0,27,141223.68,9591.15,3,2,8
1619,656.0,18,151762.74,12714.32,3,2,1
1622,697.0,25,165686.11,15467.98,3,1,4
1623,589.0,38,48400.632,79915.28,3,2,2
1625,68.0,44,81816.43599999999,86935.8,3,2,3
1626,617.0,28,86706.85199999998,7597.83,3,1,3
1627,68.0,32,92961.61,116957.59999999999,3,2,5
1632,617.0,3,1325.77,14294.390000000001,3,2,3
1633,562.0,35,68651.78799999999,48869.67,3,2,7
1635,516.0,33,12735.5,1237.36,3,1,7
1636,573.0,37,51443.522,193995.37,3,1,6
1638,699.0,39,26739.928,8963.92,3,2,9
1643,631.0,34,124379.14,16892.91,3,1,4
1644,663.0,37,118573.00000000001,18521.63,3,1,7
1647,73.0,45,25845.948000000004,68831.72,3,1,7
1650,625.0,34,29410.83600000001,197283.2,3,2,6
1652,616.0,59,153861.1,17699.48,3,2,5
1653,5.0,56,1374.58,11849.8,3,2,1
1654,446.0,32,62036.71,133292.94,3,2,8
1655,669.0,47,61196.54,5817.24,3,1,9
1658,748.0,44,92911.52,85495.24,3,2,2
1660,655.0,37,111852.84,1511.13,3,1,7
1664,773.0,52,79176.22399999999,144113.42,3,2,4
1665,749.0,42,129776.72,143538.51,3,2,1
1666,611.0,46,117610.698,77677.14,3,1,5
1668,554.0,24,103780.16399999999,9218.62,3,2,1
1669,567.0,37,112058.114,2869.9,3,1,7
1672,513.0,37,72117.78599999998,11142.34,3,1,6
1678,57.0,18,82767.42,71811.9,3,1,4
1679,712.0,42,87842.98,92223.59,3,1,1
1682,62.0,41,97925.11,85.32,3,2,2
1683,711.0,52,102436.33999999998,15988.950000000003,3,2,5
1684,613.0,24,14453.91,1291.3,3,1,7
1688,61.00000000000001,41,55802.95,1667.6,3,1,1
1692,62.0,23,113758.48,8477.6,3,2,7
1694,541.0,37,118636.92000000001,73551.44,3,2,9
1695,56.0,34,83587.52,115842.10000000002,3,2,7
1697,683.0,3,11829.52,24938.84,3,2,8
1700,68.0,3,66223.374,128875.85999999999,3,1,8
1701,792.0,5,75191.92599999999,1947.81,3,2,9
1704,654.0,29,96974.97,14144.7,3,1,4
1705,452.00000000000006,35,148172.44,4175.68,3,2,4
1707,77.0,4,93720.592,4152.82,3,1,5
1708,699.0,49,90499.50799999999,1576.1,3,1,2
1713,634.0,44,149961.11,57121.51,3,2,9
1721,585.0,39,112058.114,241.26000000000002,3,1,7
1723,63.0,42,369073.508,162697.93,3,2,6
1729,637.0,33,132255.99,74588.41,3,2,8
1730,85.0,2,113274.59,31288.769999999997,3,2,7
1732,735.0,49,121973.28000000001,14884.359999999999,3,2,5
1735,642.0,3,117494.27,61977.82,3,2,8
1739,715.0,23,139224.92,6557.71,3,2,7
1740,695.0,42,121453.63,46374.64,3,1,7
1741,747.0,25,81540.77599999998,4239.67,3,1,4
1743,476.0,4,67574.366,22735.45,3,2,6
1744,85.0,39,79259.99,18691.74,3,1,7
1745,529.0,3,116295.29,75285.47,3,2,2
1749,552.0,42,13371.7,1169.71,3,2,9
1751,541.0,29,12754.57,86173.92,3,2,7
1756,618.0,37,168178.21,11273.23,3,2,2
1759,584.0,35,87786.72999999998,192381.21,3,2,9
1760,521.0,38,11641.18,13657.69,3,2,5
1761,662.0,36,16699.2,138871.12,3,1,4
1762,758.0,34,154139.45,6728.89,3,1,1
1763,717.0,38,97459.6,189175.71,3,2,7
1764,611.0,4,101480.142,12547.56,3,2,1
1766,636.0,34,75489.84599999998,44756.25,3,1,3
1767,814.0,48,145730.326,13287.15,3,1,7
1771,6.0,37,142663.46,88669.89,3,2,1
1774,439.0,28,11976.23,138526.96,3,2,7
1775,549.0,38,17283.4,157442.75,3,1,8
1776,622.0,38,318414.978,15295.770000000002,3,2,5
1777,715.0,34,124314.45,97782.92,3,2,4
1778,657.0,41,95858.37,68255.88,3,1,5
1779,73.0,36,70331.556,1879.9500000000003,3,2,2
1780,82.0,33,95150.56,14376.179999999998,3,2,8
1782,554.0,35,11777.18,95277.15,3,1,6
1784,658.0,36,1746.46,94925.62,3,2,8
1787,669.0,25,157848.53,37543.93,3,2,1
1788,439.0,42,108267.51399999998,14889.3,3,1,8
1794,823.0,38,101903.85399999999,15663.699999999999,3,2,1
1796,555.0,37,124969.13000000002,6194.5,3,2,9
1798,714.0,51,8838.87,5862.53,3,1,4
1800,713.0,59,66298.08599999998,627.8,3,1,3
1801,452.00000000000006,3,112935.87,9917.34,3,2,7
1803,577.0,26,1853.5100000000004,123454.61999999998,3,1,1
1804,552.0,33,14931.57,1921.5000000000002,3,2,5
1806,691.0,38,77439.09199999999,81617.4,3,2,7
1807,818.0,49,82315.87999999998,192298.84,3,1,2
1808,739.0,41,53577.28999999999,143882.25,3,2,5
1809,639.0,5,115335.31999999999,5313.41,3,1,6
1810,651.0,65,80390.516,19454.4,3,1,2
1811,779.0,26,47189.613999999994,11196.0,3,1,4
1813,829.0,38,26739.928,3529.88,3,2,9
1815,51.0,32,13324.78,46127.7,3,2,9
1816,531.0,29,11459.58,75585.48,3,2,3
1824,798.0,37,111723.8,83478.12,3,1,4
1830,56.0,37,123060.32,127543.81,3,2,5
1831,632.0,36,132804.062,52526.65,3,1,7
1832,62.0,22,348738.99,32589.450000000004,3,2,6
1837,561.0,56,152759.0,133167.11,3,2,7
1839,76.0,54,117444.51,186238.85,3,2,9
1841,51.0,34,17747.57,9249.36,3,1,3
1843,587.0,36,134997.49,44688.8,3,1,1
1844,667.0,48,94889.03799999999,14868.389999999998,3,1,2
1845,737.0,36,45433.112,18867.9,3,2,9
1851,799.0,52,16129.659999999998,8981.41,3,1,4
1853,73.0,41,167545.32,128246.81,3,1,4
1855,785.0,47,12231.55,33823.5,3,1,9
1857,544.0,29,11856.55,164137.36,3,1,1
1858,75.0,61,90889.27999999998,191313.7,3,2,4
1859,684.0,34,84751.44799999999,65257.56999999999,3,2,9
1862,481.0,44,17533.6,655.53,3,2,9
1864,67.0,45,123859.60000000002,11351.57,3,2,7
1865,76.0,32,26042.378000000004,15969.500000000002,3,1,7
1866,559.0,6,61333.19399999999,122996.76000000001,3,1,9
1867,715.0,33,85227.84,6887.15,3,1,3
1868,656.0,36,97786.8,21478.36,3,2,8
1879,579.0,31,84147.65799999998,13948.0,3,2,9
1882,831.0,3,75618.082,343.38,3,2,2
1884,656.0,35,85074.74999999999,1485.27,3,2,6
1888,429.0,6,60139.898,163691.48,3,2,7
1889,665.0,23,143672.9,115147.33,3,1,9
1890,731.0,33,137892.66199999998,74945.11,3,2,4
1891,584.0,37,71688.44799999999,18363.56,3,1,1
1893,488.00000000000006,34,49837.32399999999,125979.36,3,2,3
1895,776.0,29,178171.4,115818.51000000001,3,1,7
1900,57.0,33,66930.32399999998,124641.42,3,1,8
1906,786.0,29,89233.46199999998,13372.79,3,1,4
1907,62.0,67,94094.892,43486.73,3,1,3
1911,595.0,41,61128.622,5967.9,3,2,9
1918,768.0,28,19118.5,5911.41,3,1,3
1919,618.0,56,48753.340000000004,1424.27,3,2,7
1920,591.0,31,129855.38399999999,48778.46,3,1,7
1921,658.0,35,126397.66000000002,156361.58,3,1,5
1922,625.0,36,18546.16,13387.77,3,2,9
1923,717.0,36,14861.89,179128.69,3,2,2
1924,667.0,44,122277.87,9181.71,3,2,8
1925,84.0,24,83643.594,173195.33,3,2,3
1926,693.0,31,111028.09399999997,18227.88,3,2,1
1931,573.0,26,12919.2,149814.68,3,1,4
1935,523.0,39,8502.01,6726.53,3,2,3
1937,71.0,3,15666.719999999998,45742.42,3,2,3
1938,518.0,38,9957.81,16234.59,3,2,3
1939,739.0,37,1496.46,8883.82,3,2,7
1942,684.0,45,14871.39,183575.1,3,2,6
1945,734.0,22,1356.23,121894.31,3,2,5
1947,688.0,52,83949.268,17233.57,3,2,1
1949,516.0,42,112773.72999999998,139366.58,3,1,2
1950,68.0,37,12386.28,81776.84,3,1,1
1951,64.0,53,144453.75,19998.96,3,2,8
1953,623.0,21,49612.56,135851.3,3,2,1
1956,565.0,55,11883.35,128124.70000000001,3,2,4
1957,71.0,54,171137.62,16723.95,3,2,6
1958,645.0,42,118637.45400000001,14987.100000000002,3,2,6
1959,77.0,33,136678.52,5429.62,3,2,8
1964,8.0,4,97764.41,9864.15,3,1,5
1965,612.0,33,76304.05799999999,142797.5,3,1,9
1969,717.0,36,50687.78800000001,145551.6,3,1,5
1970,666.0,41,141162.8,598.48,3,1,1
1973,693.0,41,85552.716,156381.47,3,2,4
1974,694.0,33,129731.64000000001,178123.86,3,1,4
1975,622.0,35,95745.504,51112.8,3,1,5
1979,644.0,33,65830.74799999999,155294.17,3,2,8
1980,554.0,3,70988.568,432.3,3,1,9
1982,667.0,28,165798.1,1479.9,3,2,6
1987,738.0,54,58341.70599999999,55725.4,3,2,4
1992,613.0,29,18579.28,77242.19,3,1,6
1994,75.0,49,22782.742000000006,6345.2,3,1,7
1995,584.0,44,95671.75,16564.88,3,1,5
1996,534.0,62,1135596.0,42763.12,3,2,2
1997,67.0,34,142191.0,158753.34,3,1,1
1998,630.0,42,1427823.0,29483.35,3,2,5
2000,510.0,44,154251.7,7694.5,3,1,4
2001,68.0,27,134630.0,91725.73,3,2,2
2002,28.0,31,121634.0,18181.12,3,2,6
2004,76.0,34,121500.0,222626.98,3,1,1
2005,58.99999999999999,25,121941.0,49857.79,3,1,5
2011,25.999999999999996,24,1393791.0,54764.3,3,2,6
2012,735.0,41,1739291.0,17286.17,3,2,8
2015,662.0,46,13712.802,8487.75,3,2,3
2016,84.0,38,35166.477999999996,187611.16,3,1,5
2017,557.0,25,49837.32399999999,121458.29000000001,3,2,3
2019,671.0,44,60224.23599999998,38433.35,3,2,9
